t_s,mdot_kg_s,T_vent_K,Y_H2,Y_CO,Y_CO2,Y_CH4,Y_C2H4,Y_HF
0,0,293.15,0.0236193,0.269563,0.515618,0.0805537,0.105647,0.005
0.5,0,293.15,0.0236193,0.269563,0.515618,0.0805537,0.105647,0.005
1,0,293.15,0.0236193,0.269563,0.515618,0.0805537,0.105647,0.005
1.5,0,293.15,0.0236193,0.269563,0.515618,0.0805537,0.105647,0.005
2,0,293.15,0.0236193,0.269563,0.515618,0.0805537,0.105647,0.005
2.5,0,293.15,0.0236193,0.269563,0.515618,0.0805537,0.105647,0.005
3,0,293.15,0.0236193,0.269563,0.515618,0.0805537,0.105647,0.005
3.5,0,293.15,0.0236193,0.269563,0.515618,0.0805537,0.105647,0.005
4,0,293.15,0.0236193,0.269563,0.515618,0.0805537,0.105647,0.005
4.5,0,293.15,0.0236193,0.269563,0.515618,0.0805537,0.105647,0.005
5,0,293.15,0.0236193,0.269563,0.515618,0.0805537,0.105647,0.005
5.5,0,293.15,0.0236193,0.269563,0.515618,0.0805537,0.105647,0.005
6,0,293.15,0.0236193,0.269563,0.515618,0.0805537,0.105647,0.005
6.5,0,293.15,0.0236193,0.269563,0.515618,0.0805537,0.105647,0.005
7,0,293.15,0.0236193,0.269563,0.515618,0.0805537,0.105647,0.005
7.5,0,293.15,0.0236193,0.269563,0.515618,0.0805537,0.105647,0.005
8,0,293.15,0.0236193,0.269563,0.515618,0.0805537,0.105647,0.005
8.5,0,293.15,0.0236193,0.269563,0.515618,0.0805537,0.105647,0.005
9,0,293.15,0.0236193,0.269563,0.515618,0.0805537,0.105647,0.005
9.5,0,293.15,0.0236193,0.269563,0.515618,0.0805537,0.105647,0.005
10,0,293.15,0.0236193,0.269563,0.515618,0.0805537,0.105647,0.005
10.5,0,293.15,0.0236193,0.269563,0.515618,0.0805537,0.105647,0.005
11,0,293.15,0.0236193,0.269563,0.515618,0.0805537,0.105647,0.005
11.5,0,293.15,0.0236193,0.269563,0.515618,0.0805537,0.105647,0.005
12,0,293.15,0.0236193,0.269563,0.515618,0.0805537,0.105647,0.005
12.5,0,293.15,0.0236193,0.269563,0.515618,0.0805537,0.105647,0.005
13,0,293.15,0.0236193,0.269563,0.515618,0.0805537,0.105647,0.005
13.5,0,293.15,0.0236193,0.269563,0.515618,0.0805537,0.105647,0.005
14,0,293.15,0.0236193,0.269563,0.515618,0.0805537,0.105647,0.005
14.5,0,293.15,0.0236193,0.269563,0.515618,0.0805537,0.105647,0.005
15,0,293.15,0.0236193,0.269563,0.515618,0.0805537,0.105647,0.005
15.5,0,293.15,0.0236193,0.269563,0.515618,0.0805537,0.105647,0.005
16,0,293.15,0.0236193,0.269563,0.515618,0.0805537,0.105647,0.005
16.5,0,293.15,0.0236193,0.269563,0.515618,0.0805537,0.105647,0.005
17,0,293.15,0.0236193,0.269563,0.515618,0.0805537,0.105647,0.005
17.5,0,293.15,0.0236193,0.269563,0.515618,0.0805537,0.105647,0.005
18,0,293.15,0.0236193,0.269563,0.515618,0.0805537,0.105647,0.005
18.5,0,293.15,0.0236193,0.269563,0.515618,0.0805537,0.105647,0.005
19,0,293.15,0.0236193,0.269563,0.515618,0.0805537,0.105647,0.005
19.5,0,293.15,0.0236193,0.269563,0.515618,0.0805537,0.105647,0.005
20,0,293.15,0.0236193,0.269563,0.515618,0.0805537,0.105647,0.005
20.5,0,293.15,0.0236193,0.269563,0.515618,0.0805537,0.105647,0.005
21,0,293.15,0.0236193,0.269563,0.515618,0.0805537,0.105647,0.005
21.5,0,293.15,0.0236193,0.269563,0.515618,0.0805537,0.105647,0.005
22,0,293.15,0.0236193,0.269563,0.515618,0.0805537,0.105647,0.005
22.5,0,293.15,0.0236193,0.269563,0.515618,0.0805537,0.105647,0.005
23,0,293.15,0.0236193,0.269563,0.515618,0.0805537,0.105647,0.005
23.5,0,293.15,0.0236193,0.269563,0.515618,0.0805537,0.105647,0.005
24,0,293.15,0.0236193,0.269563,0.515618,0.0805537,0.105647,0.005
24.5,0,293.15,0.0236193,0.269563,0.515618,0.0805537,0.105647,0.005
25,0,293.15,0.0236193,0.269563,0.515618,0.0805537,0.105647,0.005
25.5,0,293.15,0.0236193,0.269563,0.515618,0.0805537,0.105647,0.005
26,0,293.15,0.0236193,0.269563,0.515618,0.0805537,0.105647,0.005
26.5,0,293.15,0.0236193,0.269563,0.515618,0.0805537,0.105647,0.005
27,0,293.15,0.0236193,0.269563,0.515618,0.0805537,0.105647,0.005
27.5,0,293.15,0.0236193,0.269563,0.515618,0.0805537,0.105647,0.005
28,0,293.15,0.0236193,0.269563,0.515618,0.0805537,0.105647,0.005
28.5,0,293.15,0.0236193,0.269563,0.515618,0.0805537,0.105647,0.005
29,0,293.15,0.0236193,0.269563,0.515618,0.0805537,0.105647,0.005
29.5,0,293.15,0.0236193,0.269563,0.515618,0.0805537,0.105647,0.005
30,0,293.15,0.0236193,0.269563,0.515618,0.0805537,0.105647,0.005
30.5,0,293.15,0.0236193,0.269563,0.515618,0.0805537,0.105647,0.005
31,0,293.15,0.0236193,0.269563,0.515618,0.0805537,0.105647,0.005
31.5,0,293.15,0.0236193,0.269563,0.515618,0.0805537,0.105647,0.005
32,0,293.15,0.0236193,0.269563,0.515618,0.0805537,0.105647,0.005
32.5,0,293.15,0.0236193,0.269563,0.515618,0.0805537,0.105647,0.005
33,0,293.15,0.0236193,0.269563,0.515618,0.0805537,0.105647,0.005
33.5,0,293.15,0.0236193,0.269563,0.515618,0.0805537,0.105647,0.005
34,0,293.15,0.0236193,0.269563,0.515618,0.0805537,0.105647,0.005
34.5,0,293.15,0.0236193,0.269563,0.515618,0.0805537,0.105647,0.005
35,0,293.15,0.0236193,0.269563,0.515618,0.0805537,0.105647,0.005
35.5,0,293.15,0.0236193,0.269563,0.515618,0.0805537,0.105647,0.005
36,0,293.15,0.0236193,0.269563,0.515618,0.0805537,0.105647,0.005
36.5,0,293.15,0.0236193,0.269563,0.515618,0.0805537,0.105647,0.005
37,0,293.15,0.0236193,0.269563,0.515618,0.0805537,0.105647,0.005
37.5,0,293.15,0.0236193,0.269563,0.515618,0.0805537,0.105647,0.005
38,0,293.15,0.0236193,0.269563,0.515618,0.0805537,0.105647,0.005
38.5,0,293.15,0.0236193,0.269563,0.515618,0.0805537,0.105647,0.005
39,0,293.15,0.0236193,0.269563,0.515618,0.0805537,0.105647,0.005
39.5,0,293.15,0.0236193,0.269563,0.515618,0.0805537,0.105647,0.005
40,0,293.15,0.0236193,0.269563,0.515618,0.0805537,0.105647,0.005
40.5,0,293.15,0.0236193,0.269563,0.515618,0.0805537,0.105647,0.005
41,0,293.15,0.0236193,0.269563,0.515618,0.0805537,0.105647,0.005
41.5,0,293.15,0.0236193,0.269563,0.515618,0.0805537,0.105647,0.005
42,0,293.15,0.0236193,0.269563,0.515618,0.0805537,0.105647,0.005
42.5,0,293.15,0.0236193,0.269563,0.515618,0.0805537,0.105647,0.005
43,0,293.15,0.0236193,0.269563,0.515618,0.0805537,0.105647,0.005
43.5,0,293.15,0.0236193,0.269563,0.515618,0.0805537,0.105647,0.005
44,0,293.15,0.0236193,0.269563,0.515618,0.0805537,0.105647,0.005
44.5,0,293.15,0.0236193,0.269563,0.515618,0.0805537,0.105647,0.005
45,0,293.15,0.0236193,0.269563,0.515618,0.0805537,0.105647,0.005
45.5,0,293.15,0.0236193,0.269563,0.515618,0.0805537,0.105647,0.005
46,0,293.15,0.0236193,0.269563,0.515618,0.0805537,0.105647,0.005
46.5,0,293.15,0.0236193,0.269563,0.515618,0.0805537,0.105647,0.005
47,0,293.15,0.0236193,0.269563,0.515618,0.0805537,0.105647,0.005
47.5,0,293.15,0.0236193,0.269563,0.515618,0.0805537,0.105647,0.005
48,0,293.15,0.0236193,0.269563,0.515618,0.0805537,0.105647,0.005
48.5,0,293.15,0.0236193,0.269563,0.515618,0.0805537,0.105647,0.005
49,0,293.15,0.0236193,0.269563,0.515618,0.0805537,0.105647,0.005
49.5,0,293.15,0.0236193,0.269563,0.515618,0.0805537,0.105647,0.005
50,0,293.15,0.0236193,0.269563,0.515618,0.0805537,0.105647,0.005
50.5,0,293.15,0.0236193,0.269563,0.515618,0.0805537,0.105647,0.005
51,0,293.15,0.0236193,0.269563,0.515618,0.0805537,0.105647,0.005
51.5,0,293.15,0.0236193,0.269563,0.515618,0.0805537,0.105647,0.005
52,0,293.15,0.0236193,0.269563,0.515618,0.0805537,0.105647,0.005
52.5,0,293.15,0.0236193,0.269563,0.515618,0.0805537,0.105647,0.005
53,0,293.15,0.0236193,0.269563,0.515618,0.0805537,0.105647,0.005
53.5,0,293.15,0.0236193,0.269563,0.515618,0.0805537,0.105647,0.005
54,0,293.15,0.0236193,0.269563,0.515618,0.0805537,0.105647,0.005
54.5,0,293.15,0.0236193,0.269563,0.515618,0.0805537,0.105647,0.005
55,0,293.15,0.0236193,0.269563,0.515618,0.0805537,0.105647,0.005
55.5,0,293.15,0.0236193,0.269563,0.515618,0.0805537,0.105647,0.005
56,0,293.15,0.0236193,0.269563,0.515618,0.0805537,0.105647,0.005
56.5,0,293.15,0.0236193,0.269563,0.515618,0.0805537,0.105647,0.005
57,0,293.15,0.0236193,0.269563,0.515618,0.0805537,0.105647,0.005
57.5,0,293.15,0.0236193,0.269563,0.515618,0.0805537,0.105647,0.005
58,0,293.15,0.0236193,0.269563,0.515618,0.0805537,0.105647,0.005
58.5,0,293.15,0.0236193,0.269563,0.515618,0.0805537,0.105647,0.005
59,0,293.15,0.0236193,0.269563,0.515618,0.0805537,0.105647,0.005
59.5,0,293.15,0.0236193,0.269563,0.515618,0.0805537,0.105647,0.005
60,0,293.15,0.0236193,0.269563,0.515618,0.0805537,0.105647,0.005
60.5,0,293.15,0.0236193,0.269563,0.515618,0.0805537,0.105647,0.005
61,0,293.15,0.0236193,0.269563,0.515618,0.0805537,0.105647,0.005
61.5,0,293.15,0.0236193,0.269563,0.515618,0.0805537,0.105647,0.005
62,0,293.15,0.0236193,0.269563,0.515618,0.0805537,0.105647,0.005
62.5,0,293.15,0.0236193,0.269563,0.515618,0.0805537,0.105647,0.005
63,0,293.15,0.0236193,0.269563,0.515618,0.0805537,0.105647,0.005
63.5,0,293.15,0.0236193,0.269563,0.515618,0.0805537,0.105647,0.005
64,0,293.15,0.0236193,0.269563,0.515618,0.0805537,0.105647,0.005
64.5,0,293.15,0.0236193,0.269563,0.515618,0.0805537,0.105647,0.005
65,0,293.15,0.0236193,0.269563,0.515618,0.0805537,0.105647,0.005
65.5,0,293.15,0.0236193,0.269563,0.515618,0.0805537,0.105647,0.005
66,0,293.15,0.0236193,0.269563,0.515618,0.0805537,0.105647,0.005
66.5,0,293.15,0.0236193,0.269563,0.515618,0.0805537,0.105647,0.005
67,0,293.15,0.0236193,0.269563,0.515618,0.0805537,0.105647,0.005
67.5,0,293.15,0.0236193,0.269563,0.515618,0.0805537,0.105647,0.005
68,0,293.15,0.0236193,0.269563,0.515618,0.0805537,0.105647,0.005
68.5,0,293.15,0.0236193,0.269563,0.515618,0.0805537,0.105647,0.005
69,0,293.15,0.0236193,0.269563,0.515618,0.0805537,0.105647,0.005
69.5,0,293.15,0.0236193,0.269563,0.515618,0.0805537,0.105647,0.005
70,0,293.15,0.0236193,0.269563,0.515618,0.0805537,0.105647,0.005
70.5,0,293.15,0.0236193,0.269563,0.515618,0.0805537,0.105647,0.005
71,0,293.15,0.0236193,0.269563,0.515618,0.0805537,0.105647,0.005
71.5,0,293.15,0.0236193,0.269563,0.515618,0.0805537,0.105647,0.005
72,0,293.15,0.0236193,0.269563,0.515618,0.0805537,0.105647,0.005
72.5,0,293.15,0.0236193,0.269563,0.515618,0.0805537,0.105647,0.005
73,0,293.15,0.0236193,0.269563,0.515618,0.0805537,0.105647,0.005
73.5,0,293.15,0.0236193,0.269563,0.515618,0.0805537,0.105647,0.005
74,0,293.15,0.0236193,0.269563,0.515618,0.0805537,0.105647,0.005
74.5,0,293.15,0.0236193,0.269563,0.515618,0.0805537,0.105647,0.005
75,0,293.15,0.0236193,0.269563,0.515618,0.0805537,0.105647,0.005
75.5,0,293.15,0.0236193,0.269563,0.515618,0.0805537,0.105647,0.005
76,0,293.15,0.0236193,0.269563,0.515618,0.0805537,0.105647,0.005
76.5,0,293.15,0.0236193,0.269563,0.515618,0.0805537,0.105647,0.005
77,0,293.15,0.0236193,0.269563,0.515618,0.0805537,0.105647,0.005
77.5,0,293.15,0.0236193,0.269563,0.515618,0.0805537,0.105647,0.005
78,0,293.15,0.0236193,0.269563,0.515618,0.0805537,0.105647,0.005
78.5,0,293.15,0.0236193,0.269563,0.515618,0.0805537,0.105647,0.005
79,0,293.15,0.0236193,0.269563,0.515618,0.0805537,0.105647,0.005
79.5,0,293.15,0.0236193,0.269563,0.515618,0.0805537,0.105647,0.005
80,0,293.15,0.0236193,0.269563,0.515618,0.0805537,0.105647,0.005
80.5,0,293.15,0.0236193,0.269563,0.515618,0.0805537,0.105647,0.005
81,0,293.15,0.0236193,0.269563,0.515618,0.0805537,0.105647,0.005
81.5,0,293.15,0.0236193,0.269563,0.515618,0.0805537,0.105647,0.005
82,0,293.15,0.0236193,0.269563,0.515618,0.0805537,0.105647,0.005
82.5,0,293.15,0.0236193,0.269563,0.515618,0.0805537,0.105647,0.005
83,0,293.15,0.0236193,0.269563,0.515618,0.0805537,0.105647,0.005
83.5,0,293.15,0.0236193,0.269563,0.515618,0.0805537,0.105647,0.005
84,0,293.15,0.0236193,0.269563,0.515618,0.0805537,0.105647,0.005
84.5,0,293.15,0.0236193,0.269563,0.515618,0.0805537,0.105647,0.005
85,0,293.15,0.0236193,0.269563,0.515618,0.0805537,0.105647,0.005
85.5,0,293.15,0.0236193,0.269563,0.515618,0.0805537,0.105647,0.005
86,0,293.15,0.0236193,0.269563,0.515618,0.0805537,0.105647,0.005
86.5,0,293.15,0.0236193,0.269563,0.515618,0.0805537,0.105647,0.005
87,0,293.15,0.0236193,0.269563,0.515618,0.0805537,0.105647,0.005
87.5,0,293.15,0.0236193,0.269563,0.515618,0.0805537,0.105647,0.005
88,0,293.15,0.0236193,0.269563,0.515618,0.0805537,0.105647,0.005
88.5,0,293.15,0.0236193,0.269563,0.515618,0.0805537,0.105647,0.005
89,0,293.15,0.0236193,0.269563,0.515618,0.0805537,0.105647,0.005
89.5,0,293.15,0.0236193,0.269563,0.515618,0.0805537,0.105647,0.005
90,0,293.15,0.0236193,0.269563,0.515618,0.0805537,0.105647,0.005
90.5,0,293.15,0.0236193,0.269563,0.515618,0.0805537,0.105647,0.005
91,0,293.15,0.0236193,0.269563,0.515618,0.0805537,0.105647,0.005
91.5,0,293.15,0.0236193,0.269563,0.515618,0.0805537,0.105647,0.005
92,0,293.15,0.0236193,0.269563,0.515618,0.0805537,0.105647,0.005
92.5,0,293.15,0.0236193,0.269563,0.515618,0.0805537,0.105647,0.005
93,0,293.15,0.0236193,0.269563,0.515618,0.0805537,0.105647,0.005
93.5,0,293.15,0.0236193,0.269563,0.515618,0.0805537,0.105647,0.005
94,0,293.15,0.0236193,0.269563,0.515618,0.0805537,0.105647,0.005
94.5,0,293.15,0.0236193,0.269563,0.515618,0.0805537,0.105647,0.005
95,0,293.15,0.0236193,0.269563,0.515618,0.0805537,0.105647,0.005
95.5,0,293.15,0.0236193,0.269563,0.515618,0.0805537,0.105647,0.005
96,0,293.15,0.0236193,0.269563,0.515618,0.0805537,0.105647,0.005
96.5,0,293.15,0.0236193,0.269563,0.515618,0.0805537,0.105647,0.005
97,0,293.15,0.0236193,0.269563,0.515618,0.0805537,0.105647,0.005
97.5,0,293.15,0.0236193,0.269563,0.515618,0.0805537,0.105647,0.005
98,0,293.15,0.0236193,0.269563,0.515618,0.0805537,0.105647,0.005
98.5,0,293.15,0.0236193,0.269563,0.515618,0.0805537,0.105647,0.005
99,0,293.15,0.0236193,0.269563,0.515618,0.0805537,0.105647,0.005
99.5,0,293.15,0.0236193,0.269563,0.515618,0.0805537,0.105647,0.005
100,0,293.15,0.0236193,0.269563,0.515618,0.0805537,0.105647,0.005
100.5,0,293.15,0.0236193,0.269563,0.515618,0.0805537,0.105647,0.005
101,0,293.15,0.0236193,0.269563,0.515618,0.0805537,0.105647,0.005
101.5,0,293.15,0.0236193,0.269563,0.515618,0.0805537,0.105647,0.005
102,0,293.15,0.0236193,0.269563,0.515618,0.0805537,0.105647,0.005
102.5,0,293.15,0.0236193,0.269563,0.515618,0.0805537,0.105647,0.005
103,0,293.15,0.0236193,0.269563,0.515618,0.0805537,0.105647,0.005
103.5,0,293.15,0.0236193,0.269563,0.515618,0.0805537,0.105647,0.005
104,0,293.15,0.0236193,0.269563,0.515618,0.0805537,0.105647,0.005
104.5,0,293.15,0.0236193,0.269563,0.515618,0.0805537,0.105647,0.005
105,0,293.15,0.0236193,0.269563,0.515618,0.0805537,0.105647,0.005
105.5,0,293.15,0.0236193,0.269563,0.515618,0.0805537,0.105647,0.005
106,0,293.15,0.0236193,0.269563,0.515618,0.0805537,0.105647,0.005
106.5,0,293.15,0.0236193,0.269563,0.515618,0.0805537,0.105647,0.005
107,0,293.15,0.0236193,0.269563,0.515618,0.0805537,0.105647,0.005
107.5,0,293.15,0.0236193,0.269563,0.515618,0.0805537,0.105647,0.005
108,0,293.15,0.0236193,0.269563,0.515618,0.0805537,0.105647,0.005
108.5,0,293.15,0.0236193,0.269563,0.515618,0.0805537,0.105647,0.005
109,0,293.15,0.0236193,0.269563,0.515618,0.0805537,0.105647,0.005
109.5,0,293.15,0.0236193,0.269563,0.515618,0.0805537,0.105647,0.005
110,0,293.15,0.0236193,0.269563,0.515618,0.0805537,0.105647,0.005
110.5,0,293.15,0.0236193,0.269563,0.515618,0.0805537,0.105647,0.005
111,0,293.15,0.0236193,0.269563,0.515618,0.0805537,0.105647,0.005
111.5,0,293.15,0.0236193,0.269563,0.515618,0.0805537,0.105647,0.005
112,0,293.15,0.0236193,0.269563,0.515618,0.0805537,0.105647,0.005
112.5,0,293.15,0.0236193,0.269563,0.515618,0.0805537,0.105647,0.005
113,0,293.15,0.0236193,0.269563,0.515618,0.0805537,0.105647,0.005
113.5,0,293.15,0.0236193,0.269563,0.515618,0.0805537,0.105647,0.005
114,0,293.15,0.0236193,0.269563,0.515618,0.0805537,0.105647,0.005
114.5,0,293.15,0.0236193,0.269563,0.515618,0.0805537,0.105647,0.005
115,0,293.15,0.0236193,0.269563,0.515618,0.0805537,0.105647,0.005
115.5,0,293.15,0.0236193,0.269563,0.515618,0.0805537,0.105647,0.005
116,0,293.15,0.0236193,0.269563,0.515618,0.0805537,0.105647,0.005
116.5,0,293.15,0.0236193,0.269563,0.515618,0.0805537,0.105647,0.005
117,0,293.15,0.0236193,0.269563,0.515618,0.0805537,0.105647,0.005
117.5,0,293.15,0.0236193,0.269563,0.515618,0.0805537,0.105647,0.005
118,0,293.15,0.0236193,0.269563,0.515618,0.0805537,0.105647,0.005
118.5,0,293.15,0.0236193,0.269563,0.515618,0.0805537,0.105647,0.005
119,0,293.15,0.0236193,0.269563,0.515618,0.0805537,0.105647,0.005
119.5,0,293.15,0.0236193,0.269563,0.515618,0.0805537,0.105647,0.005
120,0,293.15,0.0236193,0.269563,0.515618,0.0805537,0.105647,0.005
120.5,0,293.15,0.0236193,0.269563,0.515618,0.0805537,0.105647,0.005
121,0,293.15,0.0236193,0.269563,0.515618,0.0805537,0.105647,0.005
121.5,0,293.15,0.0236193,0.269563,0.515618,0.0805537,0.105647,0.005
122,0,293.15,0.0236193,0.269563,0.515618,0.0805537,0.105647,0.005
122.5,0,293.15,0.0236193,0.269563,0.515618,0.0805537,0.105647,0.005
123,0,293.15,0.0236193,0.269563,0.515618,0.0805537,0.105647,0.005
123.5,0,293.15,0.0236193,0.269563,0.515618,0.0805537,0.105647,0.005
124,0,293.15,0.0236193,0.269563,0.515618,0.0805537,0.105647,0.005
124.5,0,293.15,0.0236193,0.269563,0.515618,0.0805537,0.105647,0.005
125,0,293.15,0.0236193,0.269563,0.515618,0.0805537,0.105647,0.005
125.5,0,293.15,0.0236193,0.269563,0.515618,0.0805537,0.105647,0.005
126,0,293.15,0.0236193,0.269563,0.515618,0.0805537,0.105647,0.005
126.5,0,293.15,0.0236193,0.269563,0.515618,0.0805537,0.105647,0.005
127,0,293.15,0.0236193,0.269563,0.515618,0.0805537,0.105647,0.005
127.5,0,293.15,0.0236193,0.269563,0.515618,0.0805537,0.105647,0.005
128,0,293.15,0.0236193,0.269563,0.515618,0.0805537,0.105647,0.005
128.5,0,293.15,0.0236193,0.269563,0.515618,0.0805537,0.105647,0.005
129,0,293.15,0.0236193,0.269563,0.515618,0.0805537,0.105647,0.005
129.5,0,293.15,0.0236193,0.269563,0.515618,0.0805537,0.105647,0.005
130,0,293.15,0.0236193,0.269563,0.515618,0.0805537,0.105647,0.005
130.5,0,293.15,0.0236193,0.269563,0.515618,0.0805537,0.105647,0.005
131,0,293.15,0.0236193,0.269563,0.515618,0.0805537,0.105647,0.005
131.5,0,293.15,0.0236193,0.269563,0.515618,0.0805537,0.105647,0.005
132,0,293.15,0.0236193,0.269563,0.515618,0.0805537,0.105647,0.005
132.5,0,293.15,0.0236193,0.269563,0.515618,0.0805537,0.105647,0.005
133,0,293.15,0.0236193,0.269563,0.515618,0.0805537,0.105647,0.005
133.5,0,293.15,0.0236193,0.269563,0.515618,0.0805537,0.105647,0.005
134,0,293.15,0.0236193,0.269563,0.515618,0.0805537,0.105647,0.005
134.5,0,293.15,0.0236193,0.269563,0.515618,0.0805537,0.105647,0.005
135,0,293.15,0.0236193,0.269563,0.515618,0.0805537,0.105647,0.005
135.5,0,293.15,0.0236193,0.269563,0.515618,0.0805537,0.105647,0.005
136,0,293.15,0.0236193,0.269563,0.515618,0.0805537,0.105647,0.005
136.5,0,293.15,0.0236193,0.269563,0.515618,0.0805537,0.105647,0.005
137,0,293.15,0.0236193,0.269563,0.515618,0.0805537,0.105647,0.005
137.5,0,293.15,0.0236193,0.269563,0.515618,0.0805537,0.105647,0.005
138,0,293.15,0.0236193,0.269563,0.515618,0.0805537,0.105647,0.005
138.5,0,293.15,0.0236193,0.269563,0.515618,0.0805537,0.105647,0.005
139,0,293.15,0.0236193,0.269563,0.515618,0.0805537,0.105647,0.005
139.5,0,293.15,0.0236193,0.269563,0.515618,0.0805537,0.105647,0.005
140,0,293.15,0.0236193,0.269563,0.515618,0.0805537,0.105647,0.005
140.5,0,293.15,0.0236193,0.269563,0.515618,0.0805537,0.105647,0.005
141,0,293.15,0.0236193,0.269563,0.515618,0.0805537,0.105647,0.005
141.5,0,293.15,0.0236193,0.269563,0.515618,0.0805537,0.105647,0.005
142,0,293.15,0.0236193,0.269563,0.515618,0.0805537,0.105647,0.005
142.5,0,293.15,0.0236193,0.269563,0.515618,0.0805537,0.105647,0.005
143,0,293.15,0.0236193,0.269563,0.515618,0.0805537,0.105647,0.005
143.5,0,293.15,0.0236193,0.269563,0.515618,0.0805537,0.105647,0.005
144,0,293.15,0.0236193,0.269563,0.515618,0.0805537,0.105647,0.005
144.5,0,293.15,0.0236193,0.269563,0.515618,0.0805537,0.105647,0.005
145,0,293.15,0.0236193,0.269563,0.515618,0.0805537,0.105647,0.005
145.5,0,293.15,0.0236193,0.269563,0.515618,0.0805537,0.105647,0.005
146,0,293.15,0.0236193,0.269563,0.515618,0.0805537,0.105647,0.005
146.5,0,293.15,0.0236193,0.269563,0.515618,0.0805537,0.105647,0.005
147,0,293.15,0.0236193,0.269563,0.515618,0.0805537,0.105647,0.005
147.5,0,293.15,0.0236193,0.269563,0.515618,0.0805537,0.105647,0.005
148,0,293.15,0.0236193,0.269563,0.515618,0.0805537,0.105647,0.005
148.5,0,293.15,0.0236193,0.269563,0.515618,0.0805537,0.105647,0.005
149,0,293.15,0.0236193,0.269563,0.515618,0.0805537,0.105647,0.005
149.5,0,293.15,0.0236193,0.269563,0.515618,0.0805537,0.105647,0.005
150,0,293.15,0.0236193,0.269563,0.515618,0.0805537,0.105647,0.005
150.5,0,293.15,0.0236193,0.269563,0.515618,0.0805537,0.105647,0.005
151,0,293.15,0.0236193,0.269563,0.515618,0.0805537,0.105647,0.005
151.5,0,293.15,0.0236193,0.269563,0.515618,0.0805537,0.105647,0.005
152,0,293.15,0.0236193,0.269563,0.515618,0.0805537,0.105647,0.005
152.5,0,293.15,0.0236193,0.269563,0.515618,0.0805537,0.105647,0.005
153,0,293.15,0.0236193,0.269563,0.515618,0.0805537,0.105647,0.005
153.5,0,293.15,0.0236193,0.269563,0.515618,0.0805537,0.105647,0.005
154,0,293.15,0.0236193,0.269563,0.515618,0.0805537,0.105647,0.005
154.5,0,293.15,0.0236193,0.269563,0.515618,0.0805537,0.105647,0.005
155,0,293.15,0.0236193,0.269563,0.515618,0.0805537,0.105647,0.005
155.5,0,293.15,0.0236193,0.269563,0.515618,0.0805537,0.105647,0.005
156,0,293.15,0.0236193,0.269563,0.515618,0.0805537,0.105647,0.005
156.5,0,293.15,0.0236193,0.269563,0.515618,0.0805537,0.105647,0.005
157,0,293.15,0.0236193,0.269563,0.515618,0.0805537,0.105647,0.005
157.5,0,293.15,0.0236193,0.269563,0.515618,0.0805537,0.105647,0.005
158,0,293.15,0.0236193,0.269563,0.515618,0.0805537,0.105647,0.005
158.5,0,293.15,0.0236193,0.269563,0.515618,0.0805537,0.105647,0.005
159,0,293.15,0.0236193,0.269563,0.515618,0.0805537,0.105647,0.005
159.5,0,293.15,0.0236193,0.269563,0.515618,0.0805537,0.105647,0.005
160,0,293.15,0.0236193,0.269563,0.515618,0.0805537,0.105647,0.005
160.5,0,293.15,0.0236193,0.269563,0.515618,0.0805537,0.105647,0.005
161,0,293.15,0.0236193,0.269563,0.515618,0.0805537,0.105647,0.005
161.5,0,293.15,0.0236193,0.269563,0.515618,0.0805537,0.105647,0.005
162,0,293.15,0.0236193,0.269563,0.515618,0.0805537,0.105647,0.005
162.5,0,293.15,0.0236193,0.269563,0.515618,0.0805537,0.105647,0.005
163,0,293.15,0.0236193,0.269563,0.515618,0.0805537,0.105647,0.005
163.5,0,293.15,0.0236193,0.269563,0.515618,0.0805537,0.105647,0.005
164,0,293.15,0.0236193,0.269563,0.515618,0.0805537,0.105647,0.005
164.5,0,293.15,0.0236193,0.269563,0.515618,0.0805537,0.105647,0.005
165,0,293.15,0.0236193,0.269563,0.515618,0.0805537,0.105647,0.005
165.5,0,293.15,0.0236193,0.269563,0.515618,0.0805537,0.105647,0.005
166,0,293.15,0.0236193,0.269563,0.515618,0.0805537,0.105647,0.005
166.5,0,293.15,0.0236193,0.269563,0.515618,0.0805537,0.105647,0.005
167,0,293.15,0.0236193,0.269563,0.515618,0.0805537,0.105647,0.005
167.5,0,293.15,0.0236193,0.269563,0.515618,0.0805537,0.105647,0.005
168,0,293.15,0.0236193,0.269563,0.515618,0.0805537,0.105647,0.005
168.5,0,293.15,0.0236193,0.269563,0.515618,0.0805537,0.105647,0.005
169,0,293.15,0.0236193,0.269563,0.515618,0.0805537,0.105647,0.005
169.5,0,293.15,0.0236193,0.269563,0.515618,0.0805537,0.105647,0.005
170,0,293.15,0.0236193,0.269563,0.515618,0.0805537,0.105647,0.005
170.5,0,293.15,0.0236193,0.269563,0.515618,0.0805537,0.105647,0.005
171,0,293.15,0.0236193,0.269563,0.515618,0.0805537,0.105647,0.005
171.5,0,293.15,0.0236193,0.269563,0.515618,0.0805537,0.105647,0.005
172,0,293.15,0.0236193,0.269563,0.515618,0.0805537,0.105647,0.005
172.5,0,293.15,0.0236193,0.269563,0.515618,0.0805537,0.105647,0.005
173,0,293.15,0.0236193,0.269563,0.515618,0.0805537,0.105647,0.005
173.5,0,293.15,0.0236193,0.269563,0.515618,0.0805537,0.105647,0.005
174,0,293.15,0.0236193,0.269563,0.515618,0.0805537,0.105647,0.005
174.5,0,293.15,0.0236193,0.269563,0.515618,0.0805537,0.105647,0.005
175,0,293.15,0.0236193,0.269563,0.515618,0.0805537,0.105647,0.005
175.5,0,293.15,0.0236193,0.269563,0.515618,0.0805537,0.105647,0.005
176,0,293.15,0.0236193,0.269563,0.515618,0.0805537,0.105647,0.005
176.5,0,293.15,0.0236193,0.269563,0.515618,0.0805537,0.105647,0.005
177,0,293.15,0.0236193,0.269563,0.515618,0.0805537,0.105647,0.005
177.5,0,293.15,0.0236193,0.269563,0.515618,0.0805537,0.105647,0.005
178,0,293.15,0.0236193,0.269563,0.515618,0.0805537,0.105647,0.005
178.5,0,293.15,0.0236193,0.269563,0.515618,0.0805537,0.105647,0.005
179,0,293.15,0.0236193,0.269563,0.515618,0.0805537,0.105647,0.005
179.5,0,293.15,0.0236193,0.269563,0.515618,0.0805537,0.105647,0.005
180,0,293.15,0.0236193,0.269563,0.515618,0.0805537,0.105647,0.005
180.5,0,293.15,0.0236193,0.269563,0.515618,0.0805537,0.105647,0.005
181,0,293.15,0.0236193,0.269563,0.515618,0.0805537,0.105647,0.005
181.5,0,293.15,0.0236193,0.269563,0.515618,0.0805537,0.105647,0.005
182,0,293.15,0.0236193,0.269563,0.515618,0.0805537,0.105647,0.005
182.5,0,293.15,0.0236193,0.269563,0.515618,0.0805537,0.105647,0.005
183,0,293.15,0.0236193,0.269563,0.515618,0.0805537,0.105647,0.005
183.5,0,293.15,0.0236193,0.269563,0.515618,0.0805537,0.105647,0.005
184,0,293.15,0.0236193,0.269563,0.515618,0.0805537,0.105647,0.005
184.5,0,293.15,0.0236193,0.269563,0.515618,0.0805537,0.105647,0.005
185,0,293.15,0.0236193,0.269563,0.515618,0.0805537,0.105647,0.005
185.5,0,293.15,0.0236193,0.269563,0.515618,0.0805537,0.105647,0.005
186,0,293.15,0.0236193,0.269563,0.515618,0.0805537,0.105647,0.005
186.5,0,293.15,0.0236193,0.269563,0.515618,0.0805537,0.105647,0.005
187,0,293.15,0.0236193,0.269563,0.515618,0.0805537,0.105647,0.005
187.5,0,293.15,0.0236193,0.269563,0.515618,0.0805537,0.105647,0.005
188,0,293.15,0.0236193,0.269563,0.515618,0.0805537,0.105647,0.005
188.5,0,293.15,0.0236193,0.269563,0.515618,0.0805537,0.105647,0.005
189,0,293.15,0.0236193,0.269563,0.515618,0.0805537,0.105647,0.005
189.5,0,293.15,0.0236193,0.269563,0.515618,0.0805537,0.105647,0.005
190,0,293.15,0.0236193,0.269563,0.515618,0.0805537,0.105647,0.005
190.5,0,293.15,0.0236193,0.269563,0.515618,0.0805537,0.105647,0.005
191,0,293.15,0.0236193,0.269563,0.515618,0.0805537,0.105647,0.005
191.5,0,293.15,0.0236193,0.269563,0.515618,0.0805537,0.105647,0.005
192,0,293.15,0.0236193,0.269563,0.515618,0.0805537,0.105647,0.005
192.5,0,293.15,0.0236193,0.269563,0.515618,0.0805537,0.105647,0.005
193,0,293.15,0.0236193,0.269563,0.515618,0.0805537,0.105647,0.005
193.5,0,293.15,0.0236193,0.269563,0.515618,0.0805537,0.105647,0.005
194,0,293.15,0.0236193,0.269563,0.515618,0.0805537,0.105647,0.005
194.5,0,293.15,0.0236193,0.269563,0.515618,0.0805537,0.105647,0.005
195,0,293.15,0.0236193,0.269563,0.515618,0.0805537,0.105647,0.005
195.5,0,293.15,0.0236193,0.269563,0.515618,0.0805537,0.105647,0.005
196,0,293.15,0.0236193,0.269563,0.515618,0.0805537,0.105647,0.005
196.5,0,293.15,0.0236193,0.269563,0.515618,0.0805537,0.105647,0.005
197,0,293.15,0.0236193,0.269563,0.515618,0.0805537,0.105647,0.005
197.5,0,293.15,0.0236193,0.269563,0.515618,0.0805537,0.105647,0.005
198,0,293.15,0.0236193,0.269563,0.515618,0.0805537,0.105647,0.005
198.5,0,293.15,0.0236193,0.269563,0.515618,0.0805537,0.105647,0.005
199,0,293.15,0.0236193,0.269563,0.515618,0.0805537,0.105647,0.005
199.5,0,293.15,0.0236193,0.269563,0.515618,0.0805537,0.105647,0.005
200,0,293.15,0.0236193,0.269563,0.515618,0.0805537,0.105647,0.005
200.5,0,293.15,0.0236193,0.269563,0.515618,0.0805537,0.105647,0.005
201,0,293.15,0.0236193,0.269563,0.515618,0.0805537,0.105647,0.005
201.5,0,293.15,0.0236193,0.269563,0.515618,0.0805537,0.105647,0.005
202,0,293.15,0.0236193,0.269563,0.515618,0.0805537,0.105647,0.005
202.5,0,293.15,0.0236193,0.269563,0.515618,0.0805537,0.105647,0.005
203,0,293.15,0.0236193,0.269563,0.515618,0.0805537,0.105647,0.005
203.5,0,293.15,0.0236193,0.269563,0.515618,0.0805537,0.105647,0.005
204,0,293.15,0.0236193,0.269563,0.515618,0.0805537,0.105647,0.005
204.5,0,293.15,0.0236193,0.269563,0.515618,0.0805537,0.105647,0.005
205,0,293.15,0.0236193,0.269563,0.515618,0.0805537,0.105647,0.005
205.5,0,293.15,0.0236193,0.269563,0.515618,0.0805537,0.105647,0.005
206,0,293.15,0.0236193,0.269563,0.515618,0.0805537,0.105647,0.005
206.5,0,293.15,0.0236193,0.269563,0.515618,0.0805537,0.105647,0.005
207,0,293.15,0.0236193,0.269563,0.515618,0.0805537,0.105647,0.005
207.5,0,293.15,0.0236193,0.269563,0.515618,0.0805537,0.105647,0.005
208,0,293.15,0.0236193,0.269563,0.515618,0.0805537,0.105647,0.005
208.5,0,293.15,0.0236193,0.269563,0.515618,0.0805537,0.105647,0.005
209,0,293.15,0.0236193,0.269563,0.515618,0.0805537,0.105647,0.005
209.5,0,293.15,0.0236193,0.269563,0.515618,0.0805537,0.105647,0.005
210,0,293.15,0.0236193,0.269563,0.515618,0.0805537,0.105647,0.005
210.5,0,293.15,0.0236193,0.269563,0.515618,0.0805537,0.105647,0.005
211,0,293.15,0.0236193,0.269563,0.515618,0.0805537,0.105647,0.005
211.5,0,293.15,0.0236193,0.269563,0.515618,0.0805537,0.105647,0.005
212,0,293.15,0.0236193,0.269563,0.515618,0.0805537,0.105647,0.005
212.5,0,293.15,0.0236193,0.269563,0.515618,0.0805537,0.105647,0.005
213,0,293.15,0.0236193,0.269563,0.515618,0.0805537,0.105647,0.005
213.5,0,293.15,0.0236193,0.269563,0.515618,0.0805537,0.105647,0.005
214,0,293.15,0.0236193,0.269563,0.515618,0.0805537,0.105647,0.005
214.5,0,293.15,0.0236193,0.269563,0.515618,0.0805537,0.105647,0.005
215,0,293.15,0.0236193,0.269563,0.515618,0.0805537,0.105647,0.005
215.5,0,293.15,0.0236193,0.269563,0.515618,0.0805537,0.105647,0.005
216,0,293.15,0.0236193,0.269563,0.515618,0.0805537,0.105647,0.005
216.5,0,293.15,0.0236193,0.269563,0.515618,0.0805537,0.105647,0.005
217,0,293.15,0.0236193,0.269563,0.515618,0.0805537,0.105647,0.005
217.5,0,293.15,0.0236193,0.269563,0.515618,0.0805537,0.105647,0.005
218,0,293.15,0.0236193,0.269563,0.515618,0.0805537,0.105647,0.005
218.5,0,293.15,0.0236193,0.269563,0.515618,0.0805537,0.105647,0.005
219,0,293.15,0.0236193,0.269563,0.515618,0.0805537,0.105647,0.005
219.5,0,293.15,0.0236193,0.269563,0.515618,0.0805537,0.105647,0.005
220,0,293.15,0.0236193,0.269563,0.515618,0.0805537,0.105647,0.005
220.5,0,293.15,0.0236193,0.269563,0.515618,0.0805537,0.105647,0.005
221,0,293.15,0.0236193,0.269563,0.515618,0.0805537,0.105647,0.005
221.5,0,293.15,0.0236193,0.269563,0.515618,0.0805537,0.105647,0.005
222,0,293.15,0.0236193,0.269563,0.515618,0.0805537,0.105647,0.005
222.5,0,293.15,0.0236193,0.269563,0.515618,0.0805537,0.105647,0.005
223,0,293.15,0.0236193,0.269563,0.515618,0.0805537,0.105647,0.005
223.5,0,293.15,0.0236193,0.269563,0.515618,0.0805537,0.105647,0.005
224,0,293.15,0.0236193,0.269563,0.515618,0.0805537,0.105647,0.005
224.5,0,293.15,0.0236193,0.269563,0.515618,0.0805537,0.105647,0.005
225,0,293.15,0.0236193,0.269563,0.515618,0.0805537,0.105647,0.005
225.5,0,293.15,0.0236193,0.269563,0.515618,0.0805537,0.105647,0.005
226,0,293.15,0.0236193,0.269563,0.515618,0.0805537,0.105647,0.005
226.5,0,293.15,0.0236193,0.269563,0.515618,0.0805537,0.105647,0.005
227,0,293.15,0.0236193,0.269563,0.515618,0.0805537,0.105647,0.005
227.5,0,293.15,0.0236193,0.269563,0.515618,0.0805537,0.105647,0.005
228,0,293.15,0.0236193,0.269563,0.515618,0.0805537,0.105647,0.005
228.5,0,293.15,0.0236193,0.269563,0.515618,0.0805537,0.105647,0.005
229,0,293.15,0.0236193,0.269563,0.515618,0.0805537,0.105647,0.005
229.5,0,293.15,0.0236193,0.269563,0.515618,0.0805537,0.105647,0.005
230,0,293.15,0.0236193,0.269563,0.515618,0.0805537,0.105647,0.005
230.5,0,293.15,0.0236193,0.269563,0.515618,0.0805537,0.105647,0.005
231,0,293.15,0.0236193,0.269563,0.515618,0.0805537,0.105647,0.005
231.5,0,293.15,0.0236193,0.269563,0.515618,0.0805537,0.105647,0.005
232,0,293.15,0.0236193,0.269563,0.515618,0.0805537,0.105647,0.005
232.5,0,293.15,0.0236193,0.269563,0.515618,0.0805537,0.105647,0.005
233,0,293.15,0.0236193,0.269563,0.515618,0.0805537,0.105647,0.005
233.5,0,293.15,0.0236193,0.269563,0.515618,0.0805537,0.105647,0.005
234,0,293.15,0.0236193,0.269563,0.515618,0.0805537,0.105647,0.005
234.5,0,293.15,0.0236193,0.269563,0.515618,0.0805537,0.105647,0.005
235,0,293.15,0.0236193,0.269563,0.515618,0.0805537,0.105647,0.005
235.5,0,293.15,0.0236193,0.269563,0.515618,0.0805537,0.105647,0.005
236,0,293.15,0.0236193,0.269563,0.515618,0.0805537,0.105647,0.005
236.5,0,293.15,0.0236193,0.269563,0.515618,0.0805537,0.105647,0.005
237,0,293.15,0.0236193,0.269563,0.515618,0.0805537,0.105647,0.005
237.5,0,293.15,0.0236193,0.269563,0.515618,0.0805537,0.105647,0.005
238,0,293.15,0.0236193,0.269563,0.515618,0.0805537,0.105647,0.005
238.5,0,293.15,0.0236193,0.269563,0.515618,0.0805537,0.105647,0.005
239,0,293.15,0.0236193,0.269563,0.515618,0.0805537,0.105647,0.005
239.5,0,293.15,0.0236193,0.269563,0.515618,0.0805537,0.105647,0.005
240,0,293.15,0.0236193,0.269563,0.515618,0.0805537,0.105647,0.005
240.5,0.00467532,666.599,0.0236193,0.269563,0.515618,0.0805537,0.105647,0.005
241,0.00935065,693.994,0.0236193,0.269563,0.515618,0.0805537,0.105647,0.005
241.5,0.014026,721.388,0.0236193,0.269563,0.515618,0.0805537,0.105647,0.005
242,0.0187013,748.783,0.0236193,0.269563,0.515618,0.0805537,0.105647,0.005
242.5,0.0233766,776.178,0.0236193,0.269563,0.515618,0.0805537,0.105647,0.005
243,0.0280519,803.572,0.0236193,0.269563,0.515618,0.0805537,0.105647,0.005
243.5,0.0327273,830.966,0.0236193,0.269563,0.515618,0.0805537,0.105647,0.005
244,0.0374026,858.361,0.0236193,0.269563,0.515618,0.0805537,0.105647,0.005
244.5,0.0420779,885.755,0.0236193,0.269563,0.515618,0.0805537,0.105647,0.005
245,0.0467532,913.15,0.0236193,0.269563,0.515618,0.0805537,0.105647,0.005
245.5,0.0467532,913.15,0.0236193,0.269563,0.515618,0.0805537,0.105647,0.005
246,0.0467532,913.15,0.0236193,0.269563,0.515618,0.0805537,0.105647,0.005
246.5,0.0467532,913.15,0.0236193,0.269563,0.515618,0.0805537,0.105647,0.005
247,0.0467532,913.15,0.0236193,0.269563,0.515618,0.0805537,0.105647,0.005
247.5,0.0467532,913.15,0.0236193,0.269563,0.515618,0.0805537,0.105647,0.005
248,0.0467532,913.15,0.0236193,0.269563,0.515618,0.0805537,0.105647,0.005
248.5,0.0467532,913.15,0.0236193,0.269563,0.515618,0.0805537,0.105647,0.005
249,0.0467532,913.15,0.0236193,0.269563,0.515618,0.0805537,0.105647,0.005
249.5,0.0467532,913.15,0.0236193,0.269563,0.515618,0.0805537,0.105647,0.005
250,0.0467532,913.15,0.0236193,0.269563,0.515618,0.0805537,0.105647,0.005
250.5,0.0467532,913.15,0.0236193,0.269563,0.515618,0.0805537,0.105647,0.005
251,0.0467532,913.15,0.0236193,0.269563,0.515618,0.0805537,0.105647,0.005
251.5,0.0467532,913.15,0.0236193,0.269563,0.515618,0.0805537,0.105647,0.005
252,0.0467532,913.15,0.0236193,0.269563,0.515618,0.0805537,0.105647,0.005
252.5,0.0467532,913.15,0.0236193,0.269563,0.515618,0.0805537,0.105647,0.005
253,0.0467532,913.15,0.0236193,0.269563,0.515618,0.0805537,0.105647,0.005
253.5,0.0467532,913.15,0.0236193,0.269563,0.515618,0.0805537,0.105647,0.005
254,0.0467532,913.15,0.0236193,0.269563,0.515618,0.0805537,0.105647,0.005
254.5,0.0467532,913.15,0.0236193,0.269563,0.515618,0.0805537,0.105647,0.005
255,0.0467532,913.15,0.0236193,0.269563,0.515618,0.0805537,0.105647,0.005
255.5,0.0467532,913.15,0.0236193,0.269563,0.515618,0.0805537,0.105647,0.005
256,0.0467532,913.15,0.0236193,0.269563,0.515618,0.0805537,0.105647,0.005
256.5,0.0467532,913.15,0.0236193,0.269563,0.515618,0.0805537,0.105647,0.005
257,0.0467532,913.15,0.0236193,0.269563,0.515618,0.0805537,0.105647,0.005
257.5,0.0467532,913.15,0.0236193,0.269563,0.515618,0.0805537,0.105647,0.005
258,0.0467532,913.15,0.0236193,0.269563,0.515618,0.0805537,0.105647,0.005
258.5,0.0467532,913.15,0.0236193,0.269563,0.515618,0.0805537,0.105647,0.005
259,0.0467532,913.15,0.0236193,0.269563,0.515618,0.0805537,0.105647,0.005
259.5,0.0467532,913.15,0.0236193,0.269563,0.515618,0.0805537,0.105647,0.005
260,0.0467532,913.15,0.0236193,0.269563,0.515618,0.0805537,0.105647,0.005
260.5,0.0467532,913.15,0.0236193,0.269563,0.515618,0.0805537,0.105647,0.005
261,0.0467532,913.15,0.0236193,0.269563,0.515618,0.0805537,0.105647,0.005
261.5,0.0467532,913.15,0.0236193,0.269563,0.515618,0.0805537,0.105647,0.005
262,0.0467532,913.15,0.0236193,0.269563,0.515618,0.0805537,0.105647,0.005
262.5,0.0467532,913.15,0.0236193,0.269563,0.515618,0.0805537,0.105647,0.005
263,0.0467532,913.15,0.0236193,0.269563,0.515618,0.0805537,0.105647,0.005
263.5,0.0467532,913.15,0.0236193,0.269563,0.515618,0.0805537,0.105647,0.005
264,0.0467532,913.15,0.0236193,0.269563,0.515618,0.0805537,0.105647,0.005
264.5,0.0467532,913.15,0.0236193,0.269563,0.515618,0.0805537,0.105647,0.005
265,0.0467532,913.15,0.0236193,0.269563,0.515618,0.0805537,0.105647,0.005
265.5,0.0467532,913.15,0.0236193,0.269563,0.515618,0.0805537,0.105647,0.005
266,0.0467532,913.15,0.0236193,0.269563,0.515618,0.0805537,0.105647,0.005
266.5,0.0467532,913.15,0.0236193,0.269563,0.515618,0.0805537,0.105647,0.005
267,0.0467532,913.15,0.0236193,0.269563,0.515618,0.0805537,0.105647,0.005
267.5,0.0467532,913.15,0.0236193,0.269563,0.515618,0.0805537,0.105647,0.005
268,0.0467532,913.15,0.0236193,0.269563,0.515618,0.0805537,0.105647,0.005
268.5,0.0467532,913.15,0.0236193,0.269563,0.515618,0.0805537,0.105647,0.005
269,0.0467532,913.15,0.0236193,0.269563,0.515618,0.0805537,0.105647,0.005
269.5,0.0467532,913.15,0.0236193,0.269563,0.515618,0.0805537,0.105647,0.005
270,0.0467532,913.15,0.0236193,0.269563,0.515618,0.0805537,0.105647,0.005
270.5,0.0467532,913.15,0.0236193,0.269563,0.515618,0.0805537,0.105647,0.005
271,0.0467532,913.15,0.0236193,0.269563,0.515618,0.0805537,0.105647,0.005
271.5,0.0467532,913.15,0.0236193,0.269563,0.515618,0.0805537,0.105647,0.005
272,0.0467532,913.15,0.0236193,0.269563,0.515618,0.0805537,0.105647,0.005
272.5,0.0467532,913.15,0.0236193,0.269563,0.515618,0.0805537,0.105647,0.005
273,0.0467532,913.15,0.0236193,0.269563,0.515618,0.0805537,0.105647,0.005
273.5,0.0467532,913.15,0.0236193,0.269563,0.515618,0.0805537,0.105647,0.005
274,0.0467532,913.15,0.0236193,0.269563,0.515618,0.0805537,0.105647,0.005
274.5,0.0467532,913.15,0.0236193,0.269563,0.515618,0.0805537,0.105647,0.005
275,0.0467532,913.15,0.0236193,0.269563,0.515618,0.0805537,0.105647,0.005
275.5,0.0467532,913.15,0.0236193,0.269563,0.515618,0.0805537,0.105647,0.005
276,0.0467532,913.15,0.0236193,0.269563,0.515618,0.0805537,0.105647,0.005
276.5,0.0467532,913.15,0.0236193,0.269563,0.515618,0.0805537,0.105647,0.005
277,0.0467532,913.15,0.0236193,0.269563,0.515618,0.0805537,0.105647,0.005
277.5,0.0467532,913.15,0.0236193,0.269563,0.515618,0.0805537,0.105647,0.005
278,0.0467532,913.15,0.0236193,0.269563,0.515618,0.0805537,0.105647,0.005
278.5,0.0467532,913.15,0.0236193,0.269563,0.515618,0.0805537,0.105647,0.005
279,0.0467532,913.15,0.0236193,0.269563,0.515618,0.0805537,0.105647,0.005
279.5,0.0467532,913.15,0.0236193,0.269563,0.515618,0.0805537,0.105647,0.005
280,0.0467532,913.15,0.0236193,0.269563,0.515618,0.0805537,0.105647,0.005
280.5,0.0467532,913.15,0.0236193,0.269563,0.515618,0.0805537,0.105647,0.005
281,0.0467532,913.15,0.0236193,0.269563,0.515618,0.0805537,0.105647,0.005
281.5,0.0467532,913.15,0.0236193,0.269563,0.515618,0.0805537,0.105647,0.005
282,0.0467532,913.15,0.0236193,0.269563,0.515618,0.0805537,0.105647,0.005
282.5,0.0467532,913.15,0.0236193,0.269563,0.515618,0.0805537,0.105647,0.005
283,0.0467532,913.15,0.0236193,0.269563,0.515618,0.0805537,0.105647,0.005
283.5,0.0467532,913.15,0.0236193,0.269563,0.515618,0.0805537,0.105647,0.005
284,0.0467532,913.15,0.0236193,0.269563,0.515618,0.0805537,0.105647,0.005
284.5,0.0467532,913.15,0.0236193,0.269563,0.515618,0.0805537,0.105647,0.005
285,0.0467532,913.15,0.0236193,0.269563,0.515618,0.0805537,0.105647,0.005
285.5,0.0467532,913.15,0.0236193,0.269563,0.515618,0.0805537,0.105647,0.005
286,0.0467532,913.15,0.0236193,0.269563,0.515618,0.0805537,0.105647,0.005
286.5,0.0467532,913.15,0.0236193,0.269563,0.515618,0.0805537,0.105647,0.005
287,0.0467532,913.15,0.0236193,0.269563,0.515618,0.0805537,0.105647,0.005
287.5,0.0467532,913.15,0.0236193,0.269563,0.515618,0.0805537,0.105647,0.005
288,0.0467532,913.15,0.0236193,0.269563,0.515618,0.0805537,0.105647,0.005
288.5,0.0467532,913.15,0.0236193,0.269563,0.515618,0.0805537,0.105647,0.005
289,0.0467532,913.15,0.0236193,0.269563,0.515618,0.0805537,0.105647,0.005
289.5,0.0467532,913.15,0.0236193,0.269563,0.515618,0.0805537,0.105647,0.005
290,0.0467532,913.15,0.0236193,0.269563,0.515618,0.0805537,0.105647,0.005
290.5,0.0467532,913.15,0.0236193,0.269563,0.515618,0.0805537,0.105647,0.005
291,0.0467532,913.15,0.0236193,0.269563,0.515618,0.0805537,0.105647,0.005
291.5,0.0467532,913.15,0.0236193,0.269563,0.515618,0.0805537,0.105647,0.005
292,0.0467532,913.15,0.0236193,0.269563,0.515618,0.0805537,0.105647,0.005
292.5,0.0467532,913.15,0.0236193,0.269563,0.515618,0.0805537,0.105647,0.005
293,0.0467532,913.15,0.0236193,0.269563,0.515618,0.0805537,0.105647,0.005
293.5,0.0467532,913.15,0.0236193,0.269563,0.515618,0.0805537,0.105647,0.005
294,0.0467532,913.15,0.0236193,0.269563,0.515618,0.0805537,0.105647,0.005
294.5,0.0467532,913.15,0.0236193,0.269563,0.515618,0.0805537,0.105647,0.005
295,0.0467532,913.15,0.0236193,0.269563,0.515618,0.0805537,0.105647,0.005
295.5,0.0467532,913.15,0.0236193,0.269563,0.515618,0.0805537,0.105647,0.005
296,0.0467532,913.15,0.0236193,0.269563,0.515618,0.0805537,0.105647,0.005
296.5,0.0467532,913.15,0.0236193,0.269563,0.515618,0.0805537,0.105647,0.005
297,0.0467532,913.15,0.0236193,0.269563,0.515618,0.0805537,0.105647,0.005
297.5,0.0467532,913.15,0.0236193,0.269563,0.515618,0.0805537,0.105647,0.005
298,0.0467532,913.15,0.0236193,0.269563,0.515618,0.0805537,0.105647,0.005
298.5,0.0467532,913.15,0.0236193,0.269563,0.515618,0.0805537,0.105647,0.005
299,0.0467532,913.15,0.0236193,0.269563,0.515618,0.0805537,0.105647,0.005
299.5,0.0467532,913.15,0.0236193,0.269563,0.515618,0.0805537,0.105647,0.005
300,0.0467532,913.15,0.0236193,0.269563,0.515618,0.0805537,0.105647,0.005
300.5,0.0467532,913.15,0.0236193,0.269563,0.515618,0.0805537,0.105647,0.005
301,0.0467532,913.15,0.0236193,0.269563,0.515618,0.0805537,0.105647,0.005
301.5,0.0467532,913.15,0.0236193,0.269563,0.515618,0.0805537,0.105647,0.005
302,0.0467532,913.15,0.0236193,0.269563,0.515618,0.0805537,0.105647,0.005
302.5,0.0467532,913.15,0.0236193,0.269563,0.515618,0.0805537,0.105647,0.005
303,0.0467532,913.15,0.0236193,0.269563,0.515618,0.0805537,0.105647,0.005
303.5,0.0467532,913.15,0.0236193,0.269563,0.515618,0.0805537,0.105647,0.005
304,0.0467532,913.15,0.0236193,0.269563,0.515618,0.0805537,0.105647,0.005
304.5,0.0467532,913.15,0.0236193,0.269563,0.515618,0.0805537,0.105647,0.005
305,0.0467532,913.15,0.0236193,0.269563,0.515618,0.0805537,0.105647,0.005
305.5,0.0467532,913.15,0.0236193,0.269563,0.515618,0.0805537,0.105647,0.005
306,0.0467532,913.15,0.0236193,0.269563,0.515618,0.0805537,0.105647,0.005
306.5,0.0467532,913.15,0.0236193,0.269563,0.515618,0.0805537,0.105647,0.005
307,0.0467532,913.15,0.0236193,0.269563,0.515618,0.0805537,0.105647,0.005
307.5,0.0467532,913.15,0.0236193,0.269563,0.515618,0.0805537,0.105647,0.005
308,0.0467532,913.15,0.0236193,0.269563,0.515618,0.0805537,0.105647,0.005
308.5,0.0467532,913.15,0.0236193,0.269563,0.515618,0.0805537,0.105647,0.005
309,0.0467532,913.15,0.0236193,0.269563,0.515618,0.0805537,0.105647,0.005
309.5,0.0467532,913.15,0.0236193,0.269563,0.515618,0.0805537,0.105647,0.005
310,0.0467532,913.15,0.0236193,0.269563,0.515618,0.0805537,0.105647,0.005
310.5,0.0467532,913.15,0.0236193,0.269563,0.515618,0.0805537,0.105647,0.005
311,0.0467532,913.15,0.0236193,0.269563,0.515618,0.0805537,0.105647,0.005
311.5,0.0467532,913.15,0.0236193,0.269563,0.515618,0.0805537,0.105647,0.005
312,0.0467532,913.15,0.0236193,0.269563,0.515618,0.0805537,0.105647,0.005
312.5,0.0467532,913.15,0.0236193,0.269563,0.515618,0.0805537,0.105647,0.005
313,0.0467532,913.15,0.0236193,0.269563,0.515618,0.0805537,0.105647,0.005
313.5,0.0467532,913.15,0.0236193,0.269563,0.515618,0.0805537,0.105647,0.005
314,0.0467532,913.15,0.0236193,0.269563,0.515618,0.0805537,0.105647,0.005
314.5,0.0467532,913.15,0.0236193,0.269563,0.515618,0.0805537,0.105647,0.005
315,0.0467532,913.15,0.0236193,0.269563,0.515618,0.0805537,0.105647,0.005
315.5,0.0467532,913.15,0.0236193,0.269563,0.515618,0.0805537,0.105647,0.005
316,0.0467532,913.15,0.0236193,0.269563,0.515618,0.0805537,0.105647,0.005
316.5,0.0467532,913.15,0.0236193,0.269563,0.515618,0.0805537,0.105647,0.005
317,0.0467532,913.15,0.0236193,0.269563,0.515618,0.0805537,0.105647,0.005
317.5,0.0467532,913.15,0.0236193,0.269563,0.515618,0.0805537,0.105647,0.005
318,0.0467532,913.15,0.0236193,0.269563,0.515618,0.0805537,0.105647,0.005
318.5,0.0467532,913.15,0.0236193,0.269563,0.515618,0.0805537,0.105647,0.005
319,0.0467532,913.15,0.0236193,0.269563,0.515618,0.0805537,0.105647,0.005
319.5,0.0467532,913.15,0.0236193,0.269563,0.515618,0.0805537,0.105647,0.005
320,0.0467532,913.15,0.0236193,0.269563,0.515618,0.0805537,0.105647,0.005
320.5,0.0467532,913.15,0.0236193,0.269563,0.515618,0.0805537,0.105647,0.005
321,0.0467532,913.15,0.0236193,0.269563,0.515618,0.0805537,0.105647,0.005
321.5,0.0467532,913.15,0.0236193,0.269563,0.515618,0.0805537,0.105647,0.005
322,0.0467532,913.15,0.0236193,0.269563,0.515618,0.0805537,0.105647,0.005
322.5,0.0467532,913.15,0.0236193,0.269563,0.515618,0.0805537,0.105647,0.005
323,0.0467532,913.15,0.0236193,0.269563,0.515618,0.0805537,0.105647,0.005
323.5,0.0467532,913.15,0.0236193,0.269563,0.515618,0.0805537,0.105647,0.005
324,0.0467532,913.15,0.0236193,0.269563,0.515618,0.0805537,0.105647,0.005
324.5,0.0467532,913.15,0.0236193,0.269563,0.515618,0.0805537,0.105647,0.005
325,0.0467532,913.15,0.0236193,0.269563,0.515618,0.0805537,0.105647,0.005
325.5,0.0467532,913.15,0.0236193,0.269563,0.515618,0.0805537,0.105647,0.005
326,0.0467532,913.15,0.0236193,0.269563,0.515618,0.0805537,0.105647,0.005
326.5,0.0467532,913.15,0.0236193,0.269563,0.515618,0.0805537,0.105647,0.005
327,0.0467532,913.15,0.0236193,0.269563,0.515618,0.0805537,0.105647,0.005
327.5,0.0467532,913.15,0.0236193,0.269563,0.515618,0.0805537,0.105647,0.005
328,0.0467532,913.15,0.0236193,0.269563,0.515618,0.0805537,0.105647,0.005
328.5,0.0467532,913.15,0.0236193,0.269563,0.515618,0.0805537,0.105647,0.005
329,0.0467532,913.15,0.0236193,0.269563,0.515618,0.0805537,0.105647,0.005
329.5,0.0467532,913.15,0.0236193,0.269563,0.515618,0.0805537,0.105647,0.005
330,0.0467532,913.15,0.0236193,0.269563,0.515618,0.0805537,0.105647,0.005
330.5,0.0467532,913.15,0.0236193,0.269563,0.515618,0.0805537,0.105647,0.005
331,0.0467532,913.15,0.0236193,0.269563,0.515618,0.0805537,0.105647,0.005
331.5,0.0467532,913.15,0.0236193,0.269563,0.515618,0.0805537,0.105647,0.005
332,0.0467532,913.15,0.0236193,0.269563,0.515618,0.0805537,0.105647,0.005
332.5,0.0467532,913.15,0.0236193,0.269563,0.515618,0.0805537,0.105647,0.005
333,0.0467532,913.15,0.0236193,0.269563,0.515618,0.0805537,0.105647,0.005
333.5,0.0467532,913.15,0.0236193,0.269563,0.515618,0.0805537,0.105647,0.005
334,0.0467532,913.15,0.0236193,0.269563,0.515618,0.0805537,0.105647,0.005
334.5,0.0467532,913.15,0.0236193,0.269563,0.515618,0.0805537,0.105647,0.005
335,0.0467532,913.15,0.0236193,0.269563,0.515618,0.0805537,0.105647,0.005
335.5,0.0467532,913.15,0.0236193,0.269563,0.515618,0.0805537,0.105647,0.005
336,0.0467532,913.15,0.0236193,0.269563,0.515618,0.0805537,0.105647,0.005
336.5,0.0467532,913.15,0.0236193,0.269563,0.515618,0.0805537,0.105647,0.005
337,0.0467532,913.15,0.0236193,0.269563,0.515618,0.0805537,0.105647,0.005
337.5,0.0467532,913.15,0.0236193,0.269563,0.515618,0.0805537,0.105647,0.005
338,0.0467532,913.15,0.0236193,0.269563,0.515618,0.0805537,0.105647,0.005
338.5,0.0467532,913.15,0.0236193,0.269563,0.515618,0.0805537,0.105647,0.005
339,0.0467532,913.15,0.0236193,0.269563,0.515618,0.0805537,0.105647,0.005
339.5,0.0467532,913.15,0.0236193,0.269563,0.515618,0.0805537,0.105647,0.005
340,0.0467532,913.15,0.0236193,0.269563,0.515618,0.0805537,0.105647,0.005
340.5,0.0467532,913.15,0.0236193,0.269563,0.515618,0.0805537,0.105647,0.005
341,0.0467532,913.15,0.0236193,0.269563,0.515618,0.0805537,0.105647,0.005
341.5,0.0467532,913.15,0.0236193,0.269563,0.515618,0.0805537,0.105647,0.005
342,0.0467532,913.15,0.0236193,0.269563,0.515618,0.0805537,0.105647,0.005
342.5,0.0467532,913.15,0.0236193,0.269563,0.515618,0.0805537,0.105647,0.005
343,0.0467532,913.15,0.0236193,0.269563,0.515618,0.0805537,0.105647,0.005
343.5,0.0467532,913.15,0.0236193,0.269563,0.515618,0.0805537,0.105647,0.005
344,0.0467532,913.15,0.0236193,0.269563,0.515618,0.0805537,0.105647,0.005
344.5,0.0467532,913.15,0.0236193,0.269563,0.515618,0.0805537,0.105647,0.005
345,0.0467532,913.15,0.0236193,0.269563,0.515618,0.0805537,0.105647,0.005
345.5,0.0467532,913.15,0.0236193,0.269563,0.515618,0.0805537,0.105647,0.005
346,0.0467532,913.15,0.0236193,0.269563,0.515618,0.0805537,0.105647,0.005
346.5,0.0467532,913.15,0.0236193,0.269563,0.515618,0.0805537,0.105647,0.005
347,0.0467532,913.15,0.0236193,0.269563,0.515618,0.0805537,0.105647,0.005
347.5,0.0467532,913.15,0.0236193,0.269563,0.515618,0.0805537,0.105647,0.005
348,0.0467532,913.15,0.0236193,0.269563,0.515618,0.0805537,0.105647,0.005
348.5,0.0467532,913.15,0.0236193,0.269563,0.515618,0.0805537,0.105647,0.005
349,0.0467532,913.15,0.0236193,0.269563,0.515618,0.0805537,0.105647,0.005
349.5,0.0467532,913.15,0.0236193,0.269563,0.515618,0.0805537,0.105647,0.005
350,0.0467532,913.15,0.0236193,0.269563,0.515618,0.0805537,0.105647,0.005
350.5,0.0467532,913.15,0.0236193,0.269563,0.515618,0.0805537,0.105647,0.005
351,0.0467532,913.15,0.0236193,0.269563,0.515618,0.0805537,0.105647,0.005
351.5,0.0467532,913.15,0.0236193,0.269563,0.515618,0.0805537,0.105647,0.005
352,0.0467532,913.15,0.0236193,0.269563,0.515618,0.0805537,0.105647,0.005
352.5,0.0467532,913.15,0.0236193,0.269563,0.515618,0.0805537,0.105647,0.005
353,0.0467532,913.15,0.0236193,0.269563,0.515618,0.0805537,0.105647,0.005
353.5,0.0467532,913.15,0.0236193,0.269563,0.515618,0.0805537,0.105647,0.005
354,0.0467532,913.15,0.0236193,0.269563,0.515618,0.0805537,0.105647,0.005
354.5,0.0467532,913.15,0.0236193,0.269563,0.515618,0.0805537,0.105647,0.005
355,0.0467532,913.15,0.0236193,0.269563,0.515618,0.0805537,0.105647,0.005
355.5,0.0467532,913.15,0.0236193,0.269563,0.515618,0.0805537,0.105647,0.005
356,0.0467532,913.15,0.0236193,0.269563,0.515618,0.0805537,0.105647,0.005
356.5,0.0467532,913.15,0.0236193,0.269563,0.515618,0.0805537,0.105647,0.005
357,0.0467532,913.15,0.0236193,0.269563,0.515618,0.0805537,0.105647,0.005
357.5,0.0467532,913.15,0.0236193,0.269563,0.515618,0.0805537,0.105647,0.005
358,0.0467532,913.15,0.0236193,0.269563,0.515618,0.0805537,0.105647,0.005
358.5,0.0467532,913.15,0.0236193,0.269563,0.515618,0.0805537,0.105647,0.005
359,0.0467532,913.15,0.0236193,0.269563,0.515618,0.0805537,0.105647,0.005
359.5,0.0467532,913.15,0.0236193,0.269563,0.515618,0.0805537,0.105647,0.005
360,0.0467532,913.15,0.0236193,0.269563,0.515618,0.0805537,0.105647,0.005
360.5,0.0467532,913.15,0.0236193,0.269563,0.515618,0.0805537,0.105647,0.005
361,0.0467532,913.15,0.0236193,0.269563,0.515618,0.0805537,0.105647,0.005
361.5,0.0467532,913.15,0.0236193,0.269563,0.515618,0.0805537,0.105647,0.005
362,0.0467532,913.15,0.0236193,0.269563,0.515618,0.0805537,0.105647,0.005
362.5,0.0467532,913.15,0.0236193,0.269563,0.515618,0.0805537,0.105647,0.005
363,0.0467532,913.15,0.0236193,0.269563,0.515618,0.0805537,0.105647,0.005
363.5,0.0467532,913.15,0.0236193,0.269563,0.515618,0.0805537,0.105647,0.005
364,0.0467532,913.15,0.0236193,0.269563,0.515618,0.0805537,0.105647,0.005
364.5,0.0467532,913.15,0.0236193,0.269563,0.515618,0.0805537,0.105647,0.005
365,0.0467532,913.15,0.0236193,0.269563,0.515618,0.0805537,0.105647,0.005
365.5,0.0467532,913.15,0.0236193,0.269563,0.515618,0.0805537,0.105647,0.005
366,0.0467532,913.15,0.0236193,0.269563,0.515618,0.0805537,0.105647,0.005
366.5,0.0467532,913.15,0.0236193,0.269563,0.515618,0.0805537,0.105647,0.005
367,0.0467532,913.15,0.0236193,0.269563,0.515618,0.0805537,0.105647,0.005
367.5,0.0467532,913.15,0.0236193,0.269563,0.515618,0.0805537,0.105647,0.005
368,0.0467532,913.15,0.0236193,0.269563,0.515618,0.0805537,0.105647,0.005
368.5,0.0467532,913.15,0.0236193,0.269563,0.515618,0.0805537,0.105647,0.005
369,0.0467532,913.15,0.0236193,0.269563,0.515618,0.0805537,0.105647,0.005
369.5,0.0467532,913.15,0.0236193,0.269563,0.515618,0.0805537,0.105647,0.005
370,0.0467532,913.15,0.0236193,0.269563,0.515618,0.0805537,0.105647,0.005
370.5,0.0467532,913.15,0.0236193,0.269563,0.515618,0.0805537,0.105647,0.005
371,0.0467532,913.15,0.0236193,0.269563,0.515618,0.0805537,0.105647,0.005
371.5,0.0467532,913.15,0.0236193,0.269563,0.515618,0.0805537,0.105647,0.005
372,0.0467532,913.15,0.0236193,0.269563,0.515618,0.0805537,0.105647,0.005
372.5,0.0467532,913.15,0.0236193,0.269563,0.515618,0.0805537,0.105647,0.005
373,0.0467532,913.15,0.0236193,0.269563,0.515618,0.0805537,0.105647,0.005
373.5,0.0467532,913.15,0.0236193,0.269563,0.515618,0.0805537,0.105647,0.005
374,0.0467532,913.15,0.0236193,0.269563,0.515618,0.0805537,0.105647,0.005
374.5,0.0467532,913.15,0.0236193,0.269563,0.515618,0.0805537,0.105647,0.005
375,0.0467532,913.15,0.0236193,0.269563,0.515618,0.0805537,0.105647,0.005
375.5,0.0467532,913.15,0.0236193,0.269563,0.515618,0.0805537,0.105647,0.005
376,0.0467532,913.15,0.0236193,0.269563,0.515618,0.0805537,0.105647,0.005
376.5,0.0467532,913.15,0.0236193,0.269563,0.515618,0.0805537,0.105647,0.005
377,0.0467532,913.15,0.0236193,0.269563,0.515618,0.0805537,0.105647,0.005
377.5,0.0467532,913.15,0.0236193,0.269563,0.515618,0.0805537,0.105647,0.005
378,0.0467532,913.15,0.0236193,0.269563,0.515618,0.0805537,0.105647,0.005
378.5,0.0467532,913.15,0.0236193,0.269563,0.515618,0.0805537,0.105647,0.005
379,0.0467532,913.15,0.0236193,0.269563,0.515618,0.0805537,0.105647,0.005
379.5,0.0467532,913.15,0.0236193,0.269563,0.515618,0.0805537,0.105647,0.005
380,0.0467532,913.15,0.0236193,0.269563,0.515618,0.0805537,0.105647,0.005
380.5,0.0467532,913.15,0.0236193,0.269563,0.515618,0.0805537,0.105647,0.005
381,0.0467532,913.15,0.0236193,0.269563,0.515618,0.0805537,0.105647,0.005
381.5,0.0467532,913.15,0.0236193,0.269563,0.515618,0.0805537,0.105647,0.005
382,0.0467532,913.15,0.0236193,0.269563,0.515618,0.0805537,0.105647,0.005
382.5,0.0467532,913.15,0.0236193,0.269563,0.515618,0.0805537,0.105647,0.005
383,0.0467532,913.15,0.0236193,0.269563,0.515618,0.0805537,0.105647,0.005
383.5,0.0467532,913.15,0.0236193,0.269563,0.515618,0.0805537,0.105647,0.005
384,0.0467532,913.15,0.0236193,0.269563,0.515618,0.0805537,0.105647,0.005
384.5,0.0467532,913.15,0.0236193,0.269563,0.515618,0.0805537,0.105647,0.005
385,0.0467532,913.15,0.0236193,0.269563,0.515618,0.0805537,0.105647,0.005
385.5,0.0467532,913.15,0.0236193,0.269563,0.515618,0.0805537,0.105647,0.005
386,0.0467532,913.15,0.0236193,0.269563,0.515618,0.0805537,0.105647,0.005
386.5,0.0467532,913.15,0.0236193,0.269563,0.515618,0.0805537,0.105647,0.005
387,0.0467532,913.15,0.0236193,0.269563,0.515618,0.0805537,0.105647,0.005
387.5,0.0467532,913.15,0.0236193,0.269563,0.515618,0.0805537,0.105647,0.005
388,0.0467532,913.15,0.0236193,0.269563,0.515618,0.0805537,0.105647,0.005
388.5,0.0467532,913.15,0.0236193,0.269563,0.515618,0.0805537,0.105647,0.005
389,0.0467532,913.15,0.0236193,0.269563,0.515618,0.0805537,0.105647,0.005
389.5,0.0467532,913.15,0.0236193,0.269563,0.515618,0.0805537,0.105647,0.005
390,0.0467532,913.15,0.0236193,0.269563,0.515618,0.0805537,0.105647,0.005
390.5,0.0467532,913.15,0.0236193,0.269563,0.515618,0.0805537,0.105647,0.005
391,0.0467532,913.15,0.0236193,0.269563,0.515618,0.0805537,0.105647,0.005
391.5,0.0467532,913.15,0.0236193,0.269563,0.515618,0.0805537,0.105647,0.005
392,0.0467532,913.15,0.0236193,0.269563,0.515618,0.0805537,0.105647,0.005
392.5,0.0467532,913.15,0.0236193,0.269563,0.515618,0.0805537,0.105647,0.005
393,0.0467532,913.15,0.0236193,0.269563,0.515618,0.0805537,0.105647,0.005
393.5,0.0467532,913.15,0.0236193,0.269563,0.515618,0.0805537,0.105647,0.005
394,0.0467532,913.15,0.0236193,0.269563,0.515618,0.0805537,0.105647,0.005
394.5,0.0467532,913.15,0.0236193,0.269563,0.515618,0.0805537,0.105647,0.005
395,0.0467532,913.15,0.0236193,0.269563,0.515618,0.0805537,0.105647,0.005
395.5,0.0467532,913.15,0.0236193,0.269563,0.515618,0.0805537,0.105647,0.005
396,0.0467532,913.15,0.0236193,0.269563,0.515618,0.0805537,0.105647,0.005
396.5,0.0467532,913.15,0.0236193,0.269563,0.515618,0.0805537,0.105647,0.005
397,0.0467532,913.15,0.0236193,0.269563,0.515618,0.0805537,0.105647,0.005
397.5,0.0467532,913.15,0.0236193,0.269563,0.515618,0.0805537,0.105647,0.005
398,0.0467532,913.15,0.0236193,0.269563,0.515618,0.0805537,0.105647,0.005
398.5,0.0467532,913.15,0.0236193,0.269563,0.515618,0.0805537,0.105647,0.005
399,0.0467532,913.15,0.0236193,0.269563,0.515618,0.0805537,0.105647,0.005
399.5,0.0467532,913.15,0.0236193,0.269563,0.515618,0.0805537,0.105647,0.005
400,0.0467532,913.15,0.0236193,0.269563,0.515618,0.0805537,0.105647,0.005
400.5,0.0467532,913.15,0.0236193,0.269563,0.515618,0.0805537,0.105647,0.005
401,0.0467532,913.15,0.0236193,0.269563,0.515618,0.0805537,0.105647,0.005
401.5,0.0467532,913.15,0.0236193,0.269563,0.515618,0.0805537,0.105647,0.005
402,0.0467532,913.15,0.0236193,0.269563,0.515618,0.0805537,0.105647,0.005
402.5,0.0467532,913.15,0.0236193,0.269563,0.515618,0.0805537,0.105647,0.005
403,0.0467532,913.15,0.0236193,0.269563,0.515618,0.0805537,0.105647,0.005
403.5,0.0467532,913.15,0.0236193,0.269563,0.515618,0.0805537,0.105647,0.005
404,0.0467532,913.15,0.0236193,0.269563,0.515618,0.0805537,0.105647,0.005
404.5,0.0467532,913.15,0.0236193,0.269563,0.515618,0.0805537,0.105647,0.005
405,0.0467532,913.15,0.0236193,0.269563,0.515618,0.0805537,0.105647,0.005
405.5,0.0467532,913.15,0.0236193,0.269563,0.515618,0.0805537,0.105647,0.005
406,0.0467532,913.15,0.0236193,0.269563,0.515618,0.0805537,0.105647,0.005
406.5,0.0467532,913.15,0.0236193,0.269563,0.515618,0.0805537,0.105647,0.005
407,0.0467532,913.15,0.0236193,0.269563,0.515618,0.0805537,0.105647,0.005
407.5,0.0467532,913.15,0.0236193,0.269563,0.515618,0.0805537,0.105647,0.005
408,0.0467532,913.15,0.0236193,0.269563,0.515618,0.0805537,0.105647,0.005
408.5,0.0467532,913.15,0.0236193,0.269563,0.515618,0.0805537,0.105647,0.005
409,0.0467532,913.15,0.0236193,0.269563,0.515618,0.0805537,0.105647,0.005
409.5,0.0467532,913.15,0.0236193,0.269563,0.515618,0.0805537,0.105647,0.005
410,0.0467532,913.15,0.0236193,0.269563,0.515618,0.0805537,0.105647,0.005
410.5,0.0467532,913.15,0.0236193,0.269563,0.515618,0.0805537,0.105647,0.005
411,0.0467532,913.15,0.0236193,0.269563,0.515618,0.0805537,0.105647,0.005
411.5,0.0467532,913.15,0.0236193,0.269563,0.515618,0.0805537,0.105647,0.005
412,0.0467532,913.15,0.0236193,0.269563,0.515618,0.0805537,0.105647,0.005
412.5,0.0467532,913.15,0.0236193,0.269563,0.515618,0.0805537,0.105647,0.005
413,0.0467532,913.15,0.0236193,0.269563,0.515618,0.0805537,0.105647,0.005
413.5,0.0467532,913.15,0.0236193,0.269563,0.515618,0.0805537,0.105647,0.005
414,0.0467532,913.15,0.0236193,0.269563,0.515618,0.0805537,0.105647,0.005
414.5,0.0467532,913.15,0.0236193,0.269563,0.515618,0.0805537,0.105647,0.005
415,0.0467532,913.15,0.0236193,0.269563,0.515618,0.0805537,0.105647,0.005
415.5,0.0467532,913.15,0.0236193,0.269563,0.515618,0.0805537,0.105647,0.005
416,0.0467532,913.15,0.0236193,0.269563,0.515618,0.0805537,0.105647,0.005
416.5,0.0467532,913.15,0.0236193,0.269563,0.515618,0.0805537,0.105647,0.005
417,0.0467532,913.15,0.0236193,0.269563,0.515618,0.0805537,0.105647,0.005
417.5,0.0467532,913.15,0.0236193,0.269563,0.515618,0.0805537,0.105647,0.005
418,0.0467532,913.15,0.0236193,0.269563,0.515618,0.0805537,0.105647,0.005
418.5,0.0467532,913.15,0.0236193,0.269563,0.515618,0.0805537,0.105647,0.005
419,0.0467532,913.15,0.0236193,0.269563,0.515618,0.0805537,0.105647,0.005
419.5,0.0467532,913.15,0.0236193,0.269563,0.515618,0.0805537,0.105647,0.005
420,0.0467532,913.15,0.0236193,0.269563,0.515618,0.0805537,0.105647,0.005
420.5,0.0467532,913.15,0.0236193,0.269563,0.515618,0.0805537,0.105647,0.005
421,0.0467532,913.15,0.0236193,0.269563,0.515618,0.0805537,0.105647,0.005
421.5,0.0467532,913.15,0.0236193,0.269563,0.515618,0.0805537,0.105647,0.005
422,0.0467532,913.15,0.0236193,0.269563,0.515618,0.0805537,0.105647,0.005
422.5,0.0467532,913.15,0.0236193,0.269563,0.515618,0.0805537,0.105647,0.005
423,0.0467532,913.15,0.0236193,0.269563,0.515618,0.0805537,0.105647,0.005
423.5,0.0467532,913.15,0.0236193,0.269563,0.515618,0.0805537,0.105647,0.005
424,0.0467532,913.15,0.0236193,0.269563,0.515618,0.0805537,0.105647,0.005
424.5,0.0467532,913.15,0.0236193,0.269563,0.515618,0.0805537,0.105647,0.005
425,0.0467532,913.15,0.0236193,0.269563,0.515618,0.0805537,0.105647,0.005
425.5,0.0455844,906.301,0.0236193,0.269563,0.515618,0.0805537,0.105647,0.005
426,0.0444156,899.453,0.0236193,0.269563,0.515618,0.0805537,0.105647,0.005
426.5,0.0432468,892.604,0.0236193,0.269563,0.515618,0.0805537,0.105647,0.005
427,0.0420779,885.755,0.0236193,0.269563,0.515618,0.0805537,0.105647,0.005
427.5,0.0409091,878.907,0.0236193,0.269563,0.515618,0.0805537,0.105647,0.005
428,0.0397403,872.058,0.0236193,0.269563,0.515618,0.0805537,0.105647,0.005
428.5,0.0385714,865.21,0.0236193,0.269563,0.515618,0.0805537,0.105647,0.005
429,0.0374026,858.361,0.0236193,0.269563,0.515618,0.0805537,0.105647,0.005
429.5,0.0362338,851.512,0.0236193,0.269563,0.515618,0.0805537,0.105647,0.005
430,0.0350649,844.664,0.0236193,0.269563,0.515618,0.0805537,0.105647,0.005
430.5,0.0338961,837.815,0.0236193,0.269563,0.515618,0.0805537,0.105647,0.005
431,0.0327273,830.966,0.0236193,0.269563,0.515618,0.0805537,0.105647,0.005
431.5,0.0315584,824.118,0.0236193,0.269563,0.515618,0.0805537,0.105647,0.005
432,0.0303896,817.269,0.0236193,0.269563,0.515618,0.0805537,0.105647,0.005
432.5,0.0292208,810.421,0.0236193,0.269563,0.515618,0.0805537,0.105647,0.005
433,0.0280519,803.572,0.0236193,0.269563,0.515618,0.0805537,0.105647,0.005
433.5,0.0268831,796.723,0.0236193,0.269563,0.515618,0.0805537,0.105647,0.005
434,0.0257143,789.875,0.0236193,0.269563,0.515618,0.0805537,0.105647,0.005
434.5,0.0245455,783.026,0.0236193,0.269563,0.515618,0.0805537,0.105647,0.005
435,0.0233766,776.178,0.0236193,0.269563,0.515618,0.0805537,0.105647,0.005
435.5,0.0222078,769.329,0.0236193,0.269563,0.515618,0.0805537,0.105647,0.005
436,0.021039,762.48,0.0236193,0.269563,0.515618,0.0805537,0.105647,0.005
436.5,0.0198701,755.632,0.0236193,0.269563,0.515618,0.0805537,0.105647,0.005
437,0.0187013,748.783,0.0236193,0.269563,0.515618,0.0805537,0.105647,0.005
437.5,0.0175325,741.934,0.0236193,0.269563,0.515618,0.0805537,0.105647,0.005
438,0.0163636,735.086,0.0236193,0.269563,0.515618,0.0805537,0.105647,0.005
438.5,0.0151948,728.237,0.0236193,0.269563,0.515618,0.0805537,0.105647,0.005
439,0.014026,721.388,0.0236193,0.269563,0.515618,0.0805537,0.105647,0.005
439.5,0.0128571,714.54,0.0236193,0.269563,0.515618,0.0805537,0.105647,0.005
440,0.0116883,707.691,0.0236193,0.269563,0.515618,0.0805537,0.105647,0.005
440.5,0.0105195,700.843,0.0236193,0.269563,0.515618,0.0805537,0.105647,0.005
441,0.00935065,693.994,0.0236193,0.269563,0.515618,0.0805537,0.105647,0.005
441.5,0.00818182,687.145,0.0236193,0.269563,0.515618,0.0805537,0.105647,0.005
442,0.00701299,680.297,0.0236193,0.269563,0.515618,0.0805537,0.105647,0.005
442.5,0.00584416,673.448,0.0236193,0.269563,0.515618,0.0805537,0.105647,0.005
443,0.00467532,666.599,0.0236193,0.269563,0.515618,0.0805537,0.105647,0.005
443.5,0.00350649,659.751,0.0236193,0.269563,0.515618,0.0805537,0.105647,0.005
444,0.00233766,652.902,0.0236193,0.269563,0.515618,0.0805537,0.105647,0.005
444.5,0.00116883,646.054,0.0236193,0.269563,0.515618,0.0805537,0.105647,0.005
445,0,293.15,0.0236193,0.269563,0.515618,0.0805537,0.105647,0.005
445.5,0,293.15,0.0236193,0.269563,0.515618,0.0805537,0.105647,0.005
446,0,293.15,0.0236193,0.269563,0.515618,0.0805537,0.105647,0.005
446.5,0,293.15,0.0236193,0.269563,0.515618,0.0805537,0.105647,0.005
447,0,293.15,0.0236193,0.269563,0.515618,0.0805537,0.105647,0.005
447.5,0,293.15,0.0236193,0.269563,0.515618,0.0805537,0.105647,0.005
448,0,293.15,0.0236193,0.269563,0.515618,0.0805537,0.105647,0.005
448.5,0,293.15,0.0236193,0.269563,0.515618,0.0805537,0.105647,0.005
449,0,293.15,0.0236193,0.269563,0.515618,0.0805537,0.105647,0.005
449.5,0,293.15,0.0236193,0.269563,0.515618,0.0805537,0.105647,0.005
450,0,293.15,0.0236193,0.269563,0.515618,0.0805537,0.105647,0.005
450.5,0,293.15,0.0236193,0.269563,0.515618,0.0805537,0.105647,0.005
451,0,293.15,0.0236193,0.269563,0.515618,0.0805537,0.105647,0.005
451.5,0,293.15,0.0236193,0.269563,0.515618,0.0805537,0.105647,0.005
452,0,293.15,0.0236193,0.269563,0.515618,0.0805537,0.105647,0.005
452.5,0,293.15,0.0236193,0.269563,0.515618,0.0805537,0.105647,0.005
453,0,293.15,0.0236193,0.269563,0.515618,0.0805537,0.105647,0.005
453.5,0,293.15,0.0236193,0.269563,0.515618,0.0805537,0.105647,0.005
454,0,293.15,0.0236193,0.269563,0.515618,0.0805537,0.105647,0.005
454.5,0,293.15,0.0236193,0.269563,0.515618,0.0805537,0.105647,0.005
455,0,293.15,0.0236193,0.269563,0.515618,0.0805537,0.105647,0.005
455.5,0,293.15,0.0236193,0.269563,0.515618,0.0805537,0.105647,0.005
456,0,293.15,0.0236193,0.269563,0.515618,0.0805537,0.105647,0.005
456.5,0,293.15,0.0236193,0.269563,0.515618,0.0805537,0.105647,0.005
457,0,293.15,0.0236193,0.269563,0.515618,0.0805537,0.105647,0.005
457.5,0,293.15,0.0236193,0.269563,0.515618,0.0805537,0.105647,0.005
458,0,293.15,0.0236193,0.269563,0.515618,0.0805537,0.105647,0.005
458.5,0,293.15,0.0236193,0.269563,0.515618,0.0805537,0.105647,0.005
459,0,293.15,0.0236193,0.269563,0.515618,0.0805537,0.105647,0.005
459.5,0,293.15,0.0236193,0.269563,0.515618,0.0805537,0.105647,0.005
460,0,293.15,0.0236193,0.269563,0.515618,0.0805537,0.105647,0.005
460.5,0,293.15,0.0236193,0.269563,0.515618,0.0805537,0.105647,0.005
461,0,293.15,0.0236193,0.269563,0.515618,0.0805537,0.105647,0.005
461.5,0,293.15,0.0236193,0.269563,0.515618,0.0805537,0.105647,0.005
462,0,293.15,0.0236193,0.269563,0.515618,0.0805537,0.105647,0.005
462.5,0,293.15,0.0236193,0.269563,0.515618,0.0805537,0.105647,0.005
463,0,293.15,0.0236193,0.269563,0.515618,0.0805537,0.105647,0.005
463.5,0,293.15,0.0236193,0.269563,0.515618,0.0805537,0.105647,0.005
464,0,293.15,0.0236193,0.269563,0.515618,0.0805537,0.105647,0.005
464.5,0,293.15,0.0236193,0.269563,0.515618,0.0805537,0.105647,0.005
465,0,293.15,0.0236193,0.269563,0.515618,0.0805537,0.105647,0.005
465.5,0,293.15,0.0236193,0.269563,0.515618,0.0805537,0.105647,0.005
466,0,293.15,0.0236193,0.269563,0.515618,0.0805537,0.105647,0.005
466.5,0,293.15,0.0236193,0.269563,0.515618,0.0805537,0.105647,0.005
467,0,293.15,0.0236193,0.269563,0.515618,0.0805537,0.105647,0.005
467.5,0,293.15,0.0236193,0.269563,0.515618,0.0805537,0.105647,0.005
468,0,293.15,0.0236193,0.269563,0.515618,0.0805537,0.105647,0.005
468.5,0,293.15,0.0236193,0.269563,0.515618,0.0805537,0.105647,0.005
469,0,293.15,0.0236193,0.269563,0.515618,0.0805537,0.105647,0.005
469.5,0,293.15,0.0236193,0.269563,0.515618,0.0805537,0.105647,0.005
470,0,293.15,0.0236193,0.269563,0.515618,0.0805537,0.105647,0.005
470.5,0,293.15,0.0236193,0.269563,0.515618,0.0805537,0.105647,0.005
471,0,293.15,0.0236193,0.269563,0.515618,0.0805537,0.105647,0.005
471.5,0,293.15,0.0236193,0.269563,0.515618,0.0805537,0.105647,0.005
472,0,293.15,0.0236193,0.269563,0.515618,0.0805537,0.105647,0.005
472.5,0,293.15,0.0236193,0.269563,0.515618,0.0805537,0.105647,0.005
473,0,293.15,0.0236193,0.269563,0.515618,0.0805537,0.105647,0.005
473.5,0,293.15,0.0236193,0.269563,0.515618,0.0805537,0.105647,0.005
474,0,293.15,0.0236193,0.269563,0.515618,0.0805537,0.105647,0.005
474.5,0,293.15,0.0236193,0.269563,0.515618,0.0805537,0.105647,0.005
475,0,293.15,0.0236193,0.269563,0.515618,0.0805537,0.105647,0.005
475.5,0,293.15,0.0236193,0.269563,0.515618,0.0805537,0.105647,0.005
476,0,293.15,0.0236193,0.269563,0.515618,0.0805537,0.105647,0.005
476.5,0,293.15,0.0236193,0.269563,0.515618,0.0805537,0.105647,0.005
477,0,293.15,0.0236193,0.269563,0.515618,0.0805537,0.105647,0.005
477.5,0,293.15,0.0236193,0.269563,0.515618,0.0805537,0.105647,0.005
478,0,293.15,0.0236193,0.269563,0.515618,0.0805537,0.105647,0.005
478.5,0,293.15,0.0236193,0.269563,0.515618,0.0805537,0.105647,0.005
479,0,293.15,0.0236193,0.269563,0.515618,0.0805537,0.105647,0.005
479.5,0,293.15,0.0236193,0.269563,0.515618,0.0805537,0.105647,0.005
480,0,293.15,0.0236193,0.269563,0.515618,0.0805537,0.105647,0.005
480.5,0,293.15,0.0236193,0.269563,0.515618,0.0805537,0.105647,0.005
481,0,293.15,0.0236193,0.269563,0.515618,0.0805537,0.105647,0.005
481.5,0,293.15,0.0236193,0.269563,0.515618,0.0805537,0.105647,0.005
482,0,293.15,0.0236193,0.269563,0.515618,0.0805537,0.105647,0.005
482.5,0,293.15,0.0236193,0.269563,0.515618,0.0805537,0.105647,0.005
483,0,293.15,0.0236193,0.269563,0.515618,0.0805537,0.105647,0.005
483.5,0,293.15,0.0236193,0.269563,0.515618,0.0805537,0.105647,0.005
484,0,293.15,0.0236193,0.269563,0.515618,0.0805537,0.105647,0.005
484.5,0,293.15,0.0236193,0.269563,0.515618,0.0805537,0.105647,0.005
485,0,293.15,0.0236193,0.269563,0.515618,0.0805537,0.105647,0.005
485.5,0,293.15,0.0236193,0.269563,0.515618,0.0805537,0.105647,0.005
486,0,293.15,0.0236193,0.269563,0.515618,0.0805537,0.105647,0.005
486.5,0,293.15,0.0236193,0.269563,0.515618,0.0805537,0.105647,0.005
487,0,293.15,0.0236193,0.269563,0.515618,0.0805537,0.105647,0.005
487.5,0,293.15,0.0236193,0.269563,0.515618,0.0805537,0.105647,0.005
488,0,293.15,0.0236193,0.269563,0.515618,0.0805537,0.105647,0.005
488.5,0,293.15,0.0236193,0.269563,0.515618,0.0805537,0.105647,0.005
489,0,293.15,0.0236193,0.269563,0.515618,0.0805537,0.105647,0.005
489.5,0,293.15,0.0236193,0.269563,0.515618,0.0805537,0.105647,0.005
490,0,293.15,0.0236193,0.269563,0.515618,0.0805537,0.105647,0.005
490.5,0,293.15,0.0236193,0.269563,0.515618,0.0805537,0.105647,0.005
491,0,293.15,0.0236193,0.269563,0.515618,0.0805537,0.105647,0.005
491.5,0,293.15,0.0236193,0.269563,0.515618,0.0805537,0.105647,0.005
492,0,293.15,0.0236193,0.269563,0.515618,0.0805537,0.105647,0.005
492.5,0,293.15,0.0236193,0.269563,0.515618,0.0805537,0.105647,0.005
493,0,293.15,0.0236193,0.269563,0.515618,0.0805537,0.105647,0.005
493.5,0,293.15,0.0236193,0.269563,0.515618,0.0805537,0.105647,0.005
494,0,293.15,0.0236193,0.269563,0.515618,0.0805537,0.105647,0.005
494.5,0,293.15,0.0236193,0.269563,0.515618,0.0805537,0.105647,0.005
495,0,293.15,0.0236193,0.269563,0.515618,0.0805537,0.105647,0.005
495.5,0,293.15,0.0236193,0.269563,0.515618,0.0805537,0.105647,0.005
496,0,293.15,0.0236193,0.269563,0.515618,0.0805537,0.105647,0.005
496.5,0,293.15,0.0236193,0.269563,0.515618,0.0805537,0.105647,0.005
497,0,293.15,0.0236193,0.269563,0.515618,0.0805537,0.105647,0.005
497.5,0,293.15,0.0236193,0.269563,0.515618,0.0805537,0.105647,0.005
498,0,293.15,0.0236193,0.269563,0.515618,0.0805537,0.105647,0.005
498.5,0,293.15,0.0236193,0.269563,0.515618,0.0805537,0.105647,0.005
499,0,293.15,0.0236193,0.269563,0.515618,0.0805537,0.105647,0.005
499.5,0,293.15,0.0236193,0.269563,0.515618,0.0805537,0.105647,0.005
500,0,293.15,0.0236193,0.269563,0.515618,0.0805537,0.105647,0.005
500.5,0,293.15,0.0236193,0.269563,0.515618,0.0805537,0.105647,0.005
501,0,293.15,0.0236193,0.269563,0.515618,0.0805537,0.105647,0.005
501.5,0,293.15,0.0236193,0.269563,0.515618,0.0805537,0.105647,0.005
502,0,293.15,0.0236193,0.269563,0.515618,0.0805537,0.105647,0.005
502.5,0,293.15,0.0236193,0.269563,0.515618,0.0805537,0.105647,0.005
503,0,293.15,0.0236193,0.269563,0.515618,0.0805537,0.105647,0.005
503.5,0,293.15,0.0236193,0.269563,0.515618,0.0805537,0.105647,0.005
504,0,293.15,0.0236193,0.269563,0.515618,0.0805537,0.105647,0.005
504.5,0,293.15,0.0236193,0.269563,0.515618,0.0805537,0.105647,0.005
505,0,293.15,0.0236193,0.269563,0.515618,0.0805537,0.105647,0.005
505.5,0,293.15,0.0236193,0.269563,0.515618,0.0805537,0.105647,0.005
506,0,293.15,0.0236193,0.269563,0.515618,0.0805537,0.105647,0.005
506.5,0,293.15,0.0236193,0.269563,0.515618,0.0805537,0.105647,0.005
507,0,293.15,0.0236193,0.269563,0.515618,0.0805537,0.105647,0.005
507.5,0,293.15,0.0236193,0.269563,0.515618,0.0805537,0.105647,0.005
508,0,293.15,0.0236193,0.269563,0.515618,0.0805537,0.105647,0.005
508.5,0,293.15,0.0236193,0.269563,0.515618,0.0805537,0.105647,0.005
509,0,293.15,0.0236193,0.269563,0.515618,0.0805537,0.105647,0.005
509.5,0,293.15,0.0236193,0.269563,0.515618,0.0805537,0.105647,0.005
510,0,293.15,0.0236193,0.269563,0.515618,0.0805537,0.105647,0.005
510.5,0,293.15,0.0236193,0.269563,0.515618,0.0805537,0.105647,0.005
511,0,293.15,0.0236193,0.269563,0.515618,0.0805537,0.105647,0.005
511.5,0,293.15,0.0236193,0.269563,0.515618,0.0805537,0.105647,0.005
512,0,293.15,0.0236193,0.269563,0.515618,0.0805537,0.105647,0.005
512.5,0,293.15,0.0236193,0.269563,0.515618,0.0805537,0.105647,0.005
513,0,293.15,0.0236193,0.269563,0.515618,0.0805537,0.105647,0.005
513.5,0,293.15,0.0236193,0.269563,0.515618,0.0805537,0.105647,0.005
514,0,293.15,0.0236193,0.269563,0.515618,0.0805537,0.105647,0.005
514.5,0,293.15,0.0236193,0.269563,0.515618,0.0805537,0.105647,0.005
515,0,293.15,0.0236193,0.269563,0.515618,0.0805537,0.105647,0.005
515.5,0,293.15,0.0236193,0.269563,0.515618,0.0805537,0.105647,0.005
516,0,293.15,0.0236193,0.269563,0.515618,0.0805537,0.105647,0.005
516.5,0,293.15,0.0236193,0.269563,0.515618,0.0805537,0.105647,0.005
517,0,293.15,0.0236193,0.269563,0.515618,0.0805537,0.105647,0.005
517.5,0,293.15,0.0236193,0.269563,0.515618,0.0805537,0.105647,0.005
518,0,293.15,0.0236193,0.269563,0.515618,0.0805537,0.105647,0.005
518.5,0,293.15,0.0236193,0.269563,0.515618,0.0805537,0.105647,0.005
519,0,293.15,0.0236193,0.269563,0.515618,0.0805537,0.105647,0.005
519.5,0,293.15,0.0236193,0.269563,0.515618,0.0805537,0.105647,0.005
520,0,293.15,0.0236193,0.269563,0.515618,0.0805537,0.105647,0.005
520.5,0,293.15,0.0236193,0.269563,0.515618,0.0805537,0.105647,0.005
521,0,293.15,0.0236193,0.269563,0.515618,0.0805537,0.105647,0.005
521.5,0,293.15,0.0236193,0.269563,0.515618,0.0805537,0.105647,0.005
522,0,293.15,0.0236193,0.269563,0.515618,0.0805537,0.105647,0.005
522.5,0,293.15,0.0236193,0.269563,0.515618,0.0805537,0.105647,0.005
523,0,293.15,0.0236193,0.269563,0.515618,0.0805537,0.105647,0.005
523.5,0,293.15,0.0236193,0.269563,0.515618,0.0805537,0.105647,0.005
524,0,293.15,0.0236193,0.269563,0.515618,0.0805537,0.105647,0.005
524.5,0,293.15,0.0236193,0.269563,0.515618,0.0805537,0.105647,0.005
525,0,293.15,0.0236193,0.269563,0.515618,0.0805537,0.105647,0.005
525.5,0,293.15,0.0236193,0.269563,0.515618,0.0805537,0.105647,0.005
526,0,293.15,0.0236193,0.269563,0.515618,0.0805537,0.105647,0.005
526.5,0,293.15,0.0236193,0.269563,0.515618,0.0805537,0.105647,0.005
527,0,293.15,0.0236193,0.269563,0.515618,0.0805537,0.105647,0.005
527.5,0,293.15,0.0236193,0.269563,0.515618,0.0805537,0.105647,0.005
528,0,293.15,0.0236193,0.269563,0.515618,0.0805537,0.105647,0.005
528.5,0,293.15,0.0236193,0.269563,0.515618,0.0805537,0.105647,0.005
529,0,293.15,0.0236193,0.269563,0.515618,0.0805537,0.105647,0.005
529.5,0,293.15,0.0236193,0.269563,0.515618,0.0805537,0.105647,0.005
530,0,293.15,0.0236193,0.269563,0.515618,0.0805537,0.105647,0.005
530.5,0,293.15,0.0236193,0.269563,0.515618,0.0805537,0.105647,0.005
531,0,293.15,0.0236193,0.269563,0.515618,0.0805537,0.105647,0.005
531.5,0,293.15,0.0236193,0.269563,0.515618,0.0805537,0.105647,0.005
532,0,293.15,0.0236193,0.269563,0.515618,0.0805537,0.105647,0.005
532.5,0,293.15,0.0236193,0.269563,0.515618,0.0805537,0.105647,0.005
533,0,293.15,0.0236193,0.269563,0.515618,0.0805537,0.105647,0.005
533.5,0,293.15,0.0236193,0.269563,0.515618,0.0805537,0.105647,0.005
534,0,293.15,0.0236193,0.269563,0.515618,0.0805537,0.105647,0.005
534.5,0,293.15,0.0236193,0.269563,0.515618,0.0805537,0.105647,0.005
535,0,293.15,0.0236193,0.269563,0.515618,0.0805537,0.105647,0.005
535.5,0,293.15,0.0236193,0.269563,0.515618,0.0805537,0.105647,0.005
536,0,293.15,0.0236193,0.269563,0.515618,0.0805537,0.105647,0.005
536.5,0,293.15,0.0236193,0.269563,0.515618,0.0805537,0.105647,0.005
537,0,293.15,0.0236193,0.269563,0.515618,0.0805537,0.105647,0.005
537.5,0,293.15,0.0236193,0.269563,0.515618,0.0805537,0.105647,0.005
538,0,293.15,0.0236193,0.269563,0.515618,0.0805537,0.105647,0.005
538.5,0,293.15,0.0236193,0.269563,0.515618,0.0805537,0.105647,0.005
539,0,293.15,0.0236193,0.269563,0.515618,0.0805537,0.105647,0.005
539.5,0,293.15,0.0236193,0.269563,0.515618,0.0805537,0.105647,0.005
540,0,293.15,0.0236193,0.269563,0.515618,0.0805537,0.105647,0.005
540.5,0,293.15,0.0236193,0.269563,0.515618,0.0805537,0.105647,0.005
541,0,293.15,0.0236193,0.269563,0.515618,0.0805537,0.105647,0.005
541.5,0,293.15,0.0236193,0.269563,0.515618,0.0805537,0.105647,0.005
542,0,293.15,0.0236193,0.269563,0.515618,0.0805537,0.105647,0.005
542.5,0,293.15,0.0236193,0.269563,0.515618,0.0805537,0.105647,0.005
543,0,293.15,0.0236193,0.269563,0.515618,0.0805537,0.105647,0.005
543.5,0,293.15,0.0236193,0.269563,0.515618,0.0805537,0.105647,0.005
544,0,293.15,0.0236193,0.269563,0.515618,0.0805537,0.105647,0.005
544.5,0,293.15,0.0236193,0.269563,0.515618,0.0805537,0.105647,0.005
545,0,293.15,0.0236193,0.269563,0.515618,0.0805537,0.105647,0.005
545.5,0,293.15,0.0236193,0.269563,0.515618,0.0805537,0.105647,0.005
546,0,293.15,0.0236193,0.269563,0.515618,0.0805537,0.105647,0.005
546.5,0,293.15,0.0236193,0.269563,0.515618,0.0805537,0.105647,0.005
547,0,293.15,0.0236193,0.269563,0.515618,0.0805537,0.105647,0.005
547.5,0,293.15,0.0236193,0.269563,0.515618,0.0805537,0.105647,0.005
548,0,293.15,0.0236193,0.269563,0.515618,0.0805537,0.105647,0.005
548.5,0,293.15,0.0236193,0.269563,0.515618,0.0805537,0.105647,0.005
549,0,293.15,0.0236193,0.269563,0.515618,0.0805537,0.105647,0.005
549.5,0,293.15,0.0236193,0.269563,0.515618,0.0805537,0.105647,0.005
550,0,293.15,0.0236193,0.269563,0.515618,0.0805537,0.105647,0.005
550.5,0,293.15,0.0236193,0.269563,0.515618,0.0805537,0.105647,0.005
551,0,293.15,0.0236193,0.269563,0.515618,0.0805537,0.105647,0.005
551.5,0,293.15,0.0236193,0.269563,0.515618,0.0805537,0.105647,0.005
552,0,293.15,0.0236193,0.269563,0.515618,0.0805537,0.105647,0.005
552.5,0,293.15,0.0236193,0.269563,0.515618,0.0805537,0.105647,0.005
553,0,293.15,0.0236193,0.269563,0.515618,0.0805537,0.105647,0.005
553.5,0,293.15,0.0236193,0.269563,0.515618,0.0805537,0.105647,0.005
554,0,293.15,0.0236193,0.269563,0.515618,0.0805537,0.105647,0.005
554.5,0,293.15,0.0236193,0.269563,0.515618,0.0805537,0.105647,0.005
555,0,293.15,0.0236193,0.269563,0.515618,0.0805537,0.105647,0.005
555.5,0,293.15,0.0236193,0.269563,0.515618,0.0805537,0.105647,0.005
556,0,293.15,0.0236193,0.269563,0.515618,0.0805537,0.105647,0.005
556.5,0,293.15,0.0236193,0.269563,0.515618,0.0805537,0.105647,0.005
557,0,293.15,0.0236193,0.269563,0.515618,0.0805537,0.105647,0.005
557.5,0,293.15,0.0236193,0.269563,0.515618,0.0805537,0.105647,0.005
558,0,293.15,0.0236193,0.269563,0.515618,0.0805537,0.105647,0.005
558.5,0,293.15,0.0236193,0.269563,0.515618,0.0805537,0.105647,0.005
559,0,293.15,0.0236193,0.269563,0.515618,0.0805537,0.105647,0.005
559.5,0,293.15,0.0236193,0.269563,0.515618,0.0805537,0.105647,0.005
560,0,293.15,0.0236193,0.269563,0.515618,0.0805537,0.105647,0.005
560.5,0,293.15,0.0236193,0.269563,0.515618,0.0805537,0.105647,0.005
561,0,293.15,0.0236193,0.269563,0.515618,0.0805537,0.105647,0.005
561.5,0,293.15,0.0236193,0.269563,0.515618,0.0805537,0.105647,0.005
562,0,293.15,0.0236193,0.269563,0.515618,0.0805537,0.105647,0.005
562.5,0,293.15,0.0236193,0.269563,0.515618,0.0805537,0.105647,0.005
563,0,293.15,0.0236193,0.269563,0.515618,0.0805537,0.105647,0.005
563.5,0,293.15,0.0236193,0.269563,0.515618,0.0805537,0.105647,0.005
564,0,293.15,0.0236193,0.269563,0.515618,0.0805537,0.105647,0.005
564.5,0,293.15,0.0236193,0.269563,0.515618,0.0805537,0.105647,0.005
565,0,293.15,0.0236193,0.269563,0.515618,0.0805537,0.105647,0.005
565.5,0,293.15,0.0236193,0.269563,0.515618,0.0805537,0.105647,0.005
566,0,293.15,0.0236193,0.269563,0.515618,0.0805537,0.105647,0.005
566.5,0,293.15,0.0236193,0.269563,0.515618,0.0805537,0.105647,0.005
567,0,293.15,0.0236193,0.269563,0.515618,0.0805537,0.105647,0.005
567.5,0,293.15,0.0236193,0.269563,0.515618,0.0805537,0.105647,0.005
568,0,293.15,0.0236193,0.269563,0.515618,0.0805537,0.105647,0.005
568.5,0,293.15,0.0236193,0.269563,0.515618,0.0805537,0.105647,0.005
569,0,293.15,0.0236193,0.269563,0.515618,0.0805537,0.105647,0.005
569.5,0,293.15,0.0236193,0.269563,0.515618,0.0805537,0.105647,0.005
570,0,293.15,0.0236193,0.269563,0.515618,0.0805537,0.105647,0.005
570.5,0,293.15,0.0236193,0.269563,0.515618,0.0805537,0.105647,0.005
571,0,293.15,0.0236193,0.269563,0.515618,0.0805537,0.105647,0.005
571.5,0,293.15,0.0236193,0.269563,0.515618,0.0805537,0.105647,0.005
572,0,293.15,0.0236193,0.269563,0.515618,0.0805537,0.105647,0.005
572.5,0,293.15,0.0236193,0.269563,0.515618,0.0805537,0.105647,0.005
573,0,293.15,0.0236193,0.269563,0.515618,0.0805537,0.105647,0.005
573.5,0,293.15,0.0236193,0.269563,0.515618,0.0805537,0.105647,0.005
574,0,293.15,0.0236193,0.269563,0.515618,0.0805537,0.105647,0.005
574.5,0,293.15,0.0236193,0.269563,0.515618,0.0805537,0.105647,0.005
575,0,293.15,0.0236193,0.269563,0.515618,0.0805537,0.105647,0.005
575.5,0,293.15,0.0236193,0.269563,0.515618,0.0805537,0.105647,0.005
576,0,293.15,0.0236193,0.269563,0.515618,0.0805537,0.105647,0.005
576.5,0,293.15,0.0236193,0.269563,0.515618,0.0805537,0.105647,0.005
577,0,293.15,0.0236193,0.269563,0.515618,0.0805537,0.105647,0.005
577.5,0,293.15,0.0236193,0.269563,0.515618,0.0805537,0.105647,0.005
578,0,293.15,0.0236193,0.269563,0.515618,0.0805537,0.105647,0.005
578.5,0,293.15,0.0236193,0.269563,0.515618,0.0805537,0.105647,0.005
579,0,293.15,0.0236193,0.269563,0.515618,0.0805537,0.105647,0.005
579.5,0,293.15,0.0236193,0.269563,0.515618,0.0805537,0.105647,0.005
580,0,293.15,0.0236193,0.269563,0.515618,0.0805537,0.105647,0.005
580.5,0,293.15,0.0236193,0.269563,0.515618,0.0805537,0.105647,0.005
581,0,293.15,0.0236193,0.269563,0.515618,0.0805537,0.105647,0.005
581.5,0,293.15,0.0236193,0.269563,0.515618,0.0805537,0.105647,0.005
582,0,293.15,0.0236193,0.269563,0.515618,0.0805537,0.105647,0.005
582.5,0,293.15,0.0236193,0.269563,0.515618,0.0805537,0.105647,0.005
583,0,293.15,0.0236193,0.269563,0.515618,0.0805537,0.105647,0.005
583.5,0,293.15,0.0236193,0.269563,0.515618,0.0805537,0.105647,0.005
584,0,293.15,0.0236193,0.269563,0.515618,0.0805537,0.105647,0.005
584.5,0,293.15,0.0236193,0.269563,0.515618,0.0805537,0.105647,0.005
585,0,293.15,0.0236193,0.269563,0.515618,0.0805537,0.105647,0.005
585.5,0,293.15,0.0236193,0.269563,0.515618,0.0805537,0.105647,0.005
586,0,293.15,0.0236193,0.269563,0.515618,0.0805537,0.105647,0.005
586.5,0,293.15,0.0236193,0.269563,0.515618,0.0805537,0.105647,0.005
587,0,293.15,0.0236193,0.269563,0.515618,0.0805537,0.105647,0.005
587.5,0,293.15,0.0236193,0.269563,0.515618,0.0805537,0.105647,0.005
588,0,293.15,0.0236193,0.269563,0.515618,0.0805537,0.105647,0.005
588.5,0,293.15,0.0236193,0.269563,0.515618,0.0805537,0.105647,0.005
589,0,293.15,0.0236193,0.269563,0.515618,0.0805537,0.105647,0.005
589.5,0,293.15,0.0236193,0.269563,0.515618,0.0805537,0.105647,0.005
590,0,293.15,0.0236193,0.269563,0.515618,0.0805537,0.105647,0.005
590.5,0,293.15,0.0236193,0.269563,0.515618,0.0805537,0.105647,0.005
591,0,293.15,0.0236193,0.269563,0.515618,0.0805537,0.105647,0.005
591.5,0,293.15,0.0236193,0.269563,0.515618,0.0805537,0.105647,0.005
592,0,293.15,0.0236193,0.269563,0.515618,0.0805537,0.105647,0.005
592.5,0,293.15,0.0236193,0.269563,0.515618,0.0805537,0.105647,0.005
593,0,293.15,0.0236193,0.269563,0.515618,0.0805537,0.105647,0.005
593.5,0,293.15,0.0236193,0.269563,0.515618,0.0805537,0.105647,0.005
594,0,293.15,0.0236193,0.269563,0.515618,0.0805537,0.105647,0.005
594.5,0,293.15,0.0236193,0.269563,0.515618,0.0805537,0.105647,0.005
595,0,293.15,0.0236193,0.269563,0.515618,0.0805537,0.105647,0.005
595.5,0,293.15,0.0236193,0.269563,0.515618,0.0805537,0.105647,0.005
596,0,293.15,0.0236193,0.269563,0.515618,0.0805537,0.105647,0.005
596.5,0,293.15,0.0236193,0.269563,0.515618,0.0805537,0.105647,0.005
597,0,293.15,0.0236193,0.269563,0.515618,0.0805537,0.105647,0.005
597.5,0,293.15,0.0236193,0.269563,0.515618,0.0805537,0.105647,0.005
598,0,293.15,0.0236193,0.269563,0.515618,0.0805537,0.105647,0.005
598.5,0,293.15,0.0236193,0.269563,0.515618,0.0805537,0.105647,0.005
599,0,293.15,0.0236193,0.269563,0.515618,0.0805537,0.105647,0.005
599.5,0,293.15,0.0236193,0.269563,0.515618,0.0805537,0.105647,0.005
600,0,293.15,0.0236193,0.269563,0.515618,0.0805537,0.105647,0.005
600.5,0,293.15,0.0236193,0.269563,0.515618,0.0805537,0.105647,0.005
601,0,293.15,0.0236193,0.269563,0.515618,0.0805537,0.105647,0.005
601.5,0,293.15,0.0236193,0.269563,0.515618,0.0805537,0.105647,0.005
602,0,293.15,0.0236193,0.269563,0.515618,0.0805537,0.105647,0.005
602.5,0,293.15,0.0236193,0.269563,0.515618,0.0805537,0.105647,0.005
603,0,293.15,0.0236193,0.269563,0.515618,0.0805537,0.105647,0.005
603.5,0,293.15,0.0236193,0.269563,0.515618,0.0805537,0.105647,0.005
604,0,293.15,0.0236193,0.269563,0.515618,0.0805537,0.105647,0.005
604.5,0,293.15,0.0236193,0.269563,0.515618,0.0805537,0.105647,0.005
605,0,293.15,0.0236193,0.269563,0.515618,0.0805537,0.105647,0.005
605.5,0,293.15,0.0236193,0.269563,0.515618,0.0805537,0.105647,0.005
606,0,293.15,0.0236193,0.269563,0.515618,0.0805537,0.105647,0.005
606.5,0,293.15,0.0236193,0.269563,0.515618,0.0805537,0.105647,0.005
607,0,293.15,0.0236193,0.269563,0.515618,0.0805537,0.105647,0.005
607.5,0,293.15,0.0236193,0.269563,0.515618,0.0805537,0.105647,0.005
608,0,293.15,0.0236193,0.269563,0.515618,0.0805537,0.105647,0.005
608.5,0,293.15,0.0236193,0.269563,0.515618,0.0805537,0.105647,0.005
609,0,293.15,0.0236193,0.269563,0.515618,0.0805537,0.105647,0.005
609.5,0,293.15,0.0236193,0.269563,0.515618,0.0805537,0.105647,0.005
610,0,293.15,0.0236193,0.269563,0.515618,0.0805537,0.105647,0.005
610.5,0,293.15,0.0236193,0.269563,0.515618,0.0805537,0.105647,0.005
611,0,293.15,0.0236193,0.269563,0.515618,0.0805537,0.105647,0.005
611.5,0,293.15,0.0236193,0.269563,0.515618,0.0805537,0.105647,0.005
612,0,293.15,0.0236193,0.269563,0.515618,0.0805537,0.105647,0.005
612.5,0,293.15,0.0236193,0.269563,0.515618,0.0805537,0.105647,0.005
613,0,293.15,0.0236193,0.269563,0.515618,0.0805537,0.105647,0.005
613.5,0,293.15,0.0236193,0.269563,0.515618,0.0805537,0.105647,0.005
614,0,293.15,0.0236193,0.269563,0.515618,0.0805537,0.105647,0.005
614.5,0,293.15,0.0236193,0.269563,0.515618,0.0805537,0.105647,0.005
615,0,293.15,0.0236193,0.269563,0.515618,0.0805537,0.105647,0.005
615.5,0,293.15,0.0236193,0.269563,0.515618,0.0805537,0.105647,0.005
616,0,293.15,0.0236193,0.269563,0.515618,0.0805537,0.105647,0.005
616.5,0,293.15,0.0236193,0.269563,0.515618,0.0805537,0.105647,0.005
617,0,293.15,0.0236193,0.269563,0.515618,0.0805537,0.105647,0.005
617.5,0,293.15,0.0236193,0.269563,0.515618,0.0805537,0.105647,0.005
618,0,293.15,0.0236193,0.269563,0.515618,0.0805537,0.105647,0.005
618.5,0,293.15,0.0236193,0.269563,0.515618,0.0805537,0.105647,0.005
619,0,293.15,0.0236193,0.269563,0.515618,0.0805537,0.105647,0.005
619.5,0,293.15,0.0236193,0.269563,0.515618,0.0805537,0.105647,0.005
620,0,293.15,0.0236193,0.269563,0.515618,0.0805537,0.105647,0.005
620.5,0,293.15,0.0236193,0.269563,0.515618,0.0805537,0.105647,0.005
621,0,293.15,0.0236193,0.269563,0.515618,0.0805537,0.105647,0.005
621.5,0,293.15,0.0236193,0.269563,0.515618,0.0805537,0.105647,0.005
622,0,293.15,0.0236193,0.269563,0.515618,0.0805537,0.105647,0.005
622.5,0,293.15,0.0236193,0.269563,0.515618,0.0805537,0.105647,0.005
623,0,293.15,0.0236193,0.269563,0.515618,0.0805537,0.105647,0.005
623.5,0,293.15,0.0236193,0.269563,0.515618,0.0805537,0.105647,0.005
624,0,293.15,0.0236193,0.269563,0.515618,0.0805537,0.105647,0.005
624.5,0,293.15,0.0236193,0.269563,0.515618,0.0805537,0.105647,0.005
625,0,293.15,0.0236193,0.269563,0.515618,0.0805537,0.105647,0.005
625.5,0,293.15,0.0236193,0.269563,0.515618,0.0805537,0.105647,0.005
626,0,293.15,0.0236193,0.269563,0.515618,0.0805537,0.105647,0.005
626.5,0,293.15,0.0236193,0.269563,0.515618,0.0805537,0.105647,0.005
627,0,293.15,0.0236193,0.269563,0.515618,0.0805537,0.105647,0.005
627.5,0,293.15,0.0236193,0.269563,0.515618,0.0805537,0.105647,0.005
628,0,293.15,0.0236193,0.269563,0.515618,0.0805537,0.105647,0.005
628.5,0,293.15,0.0236193,0.269563,0.515618,0.0805537,0.105647,0.005
629,0,293.15,0.0236193,0.269563,0.515618,0.0805537,0.105647,0.005
629.5,0,293.15,0.0236193,0.269563,0.515618,0.0805537,0.105647,0.005
630,0,293.15,0.0236193,0.269563,0.515618,0.0805537,0.105647,0.005
630.5,0,293.15,0.0236193,0.269563,0.515618,0.0805537,0.105647,0.005
631,0,293.15,0.0236193,0.269563,0.515618,0.0805537,0.105647,0.005
631.5,0,293.15,0.0236193,0.269563,0.515618,0.0805537,0.105647,0.005
632,0,293.15,0.0236193,0.269563,0.515618,0.0805537,0.105647,0.005
632.5,0,293.15,0.0236193,0.269563,0.515618,0.0805537,0.105647,0.005
633,0,293.15,0.0236193,0.269563,0.515618,0.0805537,0.105647,0.005
633.5,0,293.15,0.0236193,0.269563,0.515618,0.0805537,0.105647,0.005
634,0,293.15,0.0236193,0.269563,0.515618,0.0805537,0.105647,0.005
634.5,0,293.15,0.0236193,0.269563,0.515618,0.0805537,0.105647,0.005
635,0,293.15,0.0236193,0.269563,0.515618,0.0805537,0.105647,0.005
635.5,0,293.15,0.0236193,0.269563,0.515618,0.0805537,0.105647,0.005
636,0,293.15,0.0236193,0.269563,0.515618,0.0805537,0.105647,0.005
636.5,0,293.15,0.0236193,0.269563,0.515618,0.0805537,0.105647,0.005
637,0,293.15,0.0236193,0.269563,0.515618,0.0805537,0.105647,0.005
637.5,0,293.15,0.0236193,0.269563,0.515618,0.0805537,0.105647,0.005
638,0,293.15,0.0236193,0.269563,0.515618,0.0805537,0.105647,0.005
638.5,0,293.15,0.0236193,0.269563,0.515618,0.0805537,0.105647,0.005
639,0,293.15,0.0236193,0.269563,0.515618,0.0805537,0.105647,0.005
639.5,0,293.15,0.0236193,0.269563,0.515618,0.0805537,0.105647,0.005
640,0,293.15,0.0236193,0.269563,0.515618,0.0805537,0.105647,0.005
640.5,0,293.15,0.0236193,0.269563,0.515618,0.0805537,0.105647,0.005
641,0,293.15,0.0236193,0.269563,0.515618,0.0805537,0.105647,0.005
641.5,0,293.15,0.0236193,0.269563,0.515618,0.0805537,0.105647,0.005
642,0,293.15,0.0236193,0.269563,0.515618,0.0805537,0.105647,0.005
642.5,0,293.15,0.0236193,0.269563,0.515618,0.0805537,0.105647,0.005
643,0,293.15,0.0236193,0.269563,0.515618,0.0805537,0.105647,0.005
643.5,0,293.15,0.0236193,0.269563,0.515618,0.0805537,0.105647,0.005
644,0,293.15,0.0236193,0.269563,0.515618,0.0805537,0.105647,0.005
644.5,0,293.15,0.0236193,0.269563,0.515618,0.0805537,0.105647,0.005
645,0,293.15,0.0236193,0.269563,0.515618,0.0805537,0.105647,0.005
645.5,0,293.15,0.0236193,0.269563,0.515618,0.0805537,0.105647,0.005
646,0,293.15,0.0236193,0.269563,0.515618,0.0805537,0.105647,0.005
646.5,0,293.15,0.0236193,0.269563,0.515618,0.0805537,0.105647,0.005
647,0,293.15,0.0236193,0.269563,0.515618,0.0805537,0.105647,0.005
647.5,0,293.15,0.0236193,0.269563,0.515618,0.0805537,0.105647,0.005
648,0,293.15,0.0236193,0.269563,0.515618,0.0805537,0.105647,0.005
648.5,0,293.15,0.0236193,0.269563,0.515618,0.0805537,0.105647,0.005
649,0,293.15,0.0236193,0.269563,0.515618,0.0805537,0.105647,0.005
649.5,0,293.15,0.0236193,0.269563,0.515618,0.0805537,0.105647,0.005
650,0,293.15,0.0236193,0.269563,0.515618,0.0805537,0.105647,0.005
650.5,0,293.15,0.0236193,0.269563,0.515618,0.0805537,0.105647,0.005
651,0,293.15,0.0236193,0.269563,0.515618,0.0805537,0.105647,0.005
651.5,0,293.15,0.0236193,0.269563,0.515618,0.0805537,0.105647,0.005
652,0,293.15,0.0236193,0.269563,0.515618,0.0805537,0.105647,0.005
652.5,0,293.15,0.0236193,0.269563,0.515618,0.0805537,0.105647,0.005
653,0,293.15,0.0236193,0.269563,0.515618,0.0805537,0.105647,0.005
653.5,0,293.15,0.0236193,0.269563,0.515618,0.0805537,0.105647,0.005
654,0,293.15,0.0236193,0.269563,0.515618,0.0805537,0.105647,0.005
654.5,0,293.15,0.0236193,0.269563,0.515618,0.0805537,0.105647,0.005
655,0,293.15,0.0236193,0.269563,0.515618,0.0805537,0.105647,0.005
655.5,0,293.15,0.0236193,0.269563,0.515618,0.0805537,0.105647,0.005
656,0,293.15,0.0236193,0.269563,0.515618,0.0805537,0.105647,0.005
656.5,0,293.15,0.0236193,0.269563,0.515618,0.0805537,0.105647,0.005
657,0,293.15,0.0236193,0.269563,0.515618,0.0805537,0.105647,0.005
657.5,0,293.15,0.0236193,0.269563,0.515618,0.0805537,0.105647,0.005
658,0,293.15,0.0236193,0.269563,0.515618,0.0805537,0.105647,0.005
658.5,0,293.15,0.0236193,0.269563,0.515618,0.0805537,0.105647,0.005
659,0,293.15,0.0236193,0.269563,0.515618,0.0805537,0.105647,0.005
659.5,0,293.15,0.0236193,0.269563,0.515618,0.0805537,0.105647,0.005
660,0,293.15,0.0236193,0.269563,0.515618,0.0805537,0.105647,0.005
660.5,0,293.15,0.0236193,0.269563,0.515618,0.0805537,0.105647,0.005
661,0,293.15,0.0236193,0.269563,0.515618,0.0805537,0.105647,0.005
661.5,0,293.15,0.0236193,0.269563,0.515618,0.0805537,0.105647,0.005
662,0,293.15,0.0236193,0.269563,0.515618,0.0805537,0.105647,0.005
662.5,0,293.15,0.0236193,0.269563,0.515618,0.0805537,0.105647,0.005
663,0,293.15,0.0236193,0.269563,0.515618,0.0805537,0.105647,0.005
663.5,0,293.15,0.0236193,0.269563,0.515618,0.0805537,0.105647,0.005
664,0,293.15,0.0236193,0.269563,0.515618,0.0805537,0.105647,0.005
664.5,0,293.15,0.0236193,0.269563,0.515618,0.0805537,0.105647,0.005
665,0,293.15,0.0236193,0.269563,0.515618,0.0805537,0.105647,0.005
665.5,0,293.15,0.0236193,0.269563,0.515618,0.0805537,0.105647,0.005
666,0,293.15,0.0236193,0.269563,0.515618,0.0805537,0.105647,0.005
666.5,0,293.15,0.0236193,0.269563,0.515618,0.0805537,0.105647,0.005
667,0,293.15,0.0236193,0.269563,0.515618,0.0805537,0.105647,0.005
667.5,0,293.15,0.0236193,0.269563,0.515618,0.0805537,0.105647,0.005
668,0,293.15,0.0236193,0.269563,0.515618,0.0805537,0.105647,0.005
668.5,0,293.15,0.0236193,0.269563,0.515618,0.0805537,0.105647,0.005
669,0,293.15,0.0236193,0.269563,0.515618,0.0805537,0.105647,0.005
669.5,0,293.15,0.0236193,0.269563,0.515618,0.0805537,0.105647,0.005
670,0,293.15,0.0236193,0.269563,0.515618,0.0805537,0.105647,0.005
670.5,0,293.15,0.0236193,0.269563,0.515618,0.0805537,0.105647,0.005
671,0,293.15,0.0236193,0.269563,0.515618,0.0805537,0.105647,0.005
671.5,0,293.15,0.0236193,0.269563,0.515618,0.0805537,0.105647,0.005
672,0,293.15,0.0236193,0.269563,0.515618,0.0805537,0.105647,0.005
672.5,0,293.15,0.0236193,0.269563,0.515618,0.0805537,0.105647,0.005
673,0,293.15,0.0236193,0.269563,0.515618,0.0805537,0.105647,0.005
673.5,0,293.15,0.0236193,0.269563,0.515618,0.0805537,0.105647,0.005
674,0,293.15,0.0236193,0.269563,0.515618,0.0805537,0.105647,0.005
674.5,0,293.15,0.0236193,0.269563,0.515618,0.0805537,0.105647,0.005
675,0,293.15,0.0236193,0.269563,0.515618,0.0805537,0.105647,0.005
675.5,0,293.15,0.0236193,0.269563,0.515618,0.0805537,0.105647,0.005
676,0,293.15,0.0236193,0.269563,0.515618,0.0805537,0.105647,0.005
676.5,0,293.15,0.0236193,0.269563,0.515618,0.0805537,0.105647,0.005
677,0,293.15,0.0236193,0.269563,0.515618,0.0805537,0.105647,0.005
677.5,0,293.15,0.0236193,0.269563,0.515618,0.0805537,0.105647,0.005
678,0,293.15,0.0236193,0.269563,0.515618,0.0805537,0.105647,0.005
678.5,0,293.15,0.0236193,0.269563,0.515618,0.0805537,0.105647,0.005
679,0,293.15,0.0236193,0.269563,0.515618,0.0805537,0.105647,0.005
679.5,0,293.15,0.0236193,0.269563,0.515618,0.0805537,0.105647,0.005
680,0,293.15,0.0236193,0.269563,0.515618,0.0805537,0.105647,0.005
680.5,0,293.15,0.0236193,0.269563,0.515618,0.0805537,0.105647,0.005
681,0,293.15,0.0236193,0.269563,0.515618,0.0805537,0.105647,0.005
681.5,0,293.15,0.0236193,0.269563,0.515618,0.0805537,0.105647,0.005
682,0,293.15,0.0236193,0.269563,0.515618,0.0805537,0.105647,0.005
682.5,0,293.15,0.0236193,0.269563,0.515618,0.0805537,0.105647,0.005
683,0,293.15,0.0236193,0.269563,0.515618,0.0805537,0.105647,0.005
683.5,0,293.15,0.0236193,0.269563,0.515618,0.0805537,0.105647,0.005
684,0,293.15,0.0236193,0.269563,0.515618,0.0805537,0.105647,0.005
684.5,0,293.15,0.0236193,0.269563,0.515618,0.0805537,0.105647,0.005
685,0,293.15,0.0236193,0.269563,0.515618,0.0805537,0.105647,0.005
685.5,0,293.15,0.0236193,0.269563,0.515618,0.0805537,0.105647,0.005
686,0,293.15,0.0236193,0.269563,0.515618,0.0805537,0.105647,0.005
686.5,0,293.15,0.0236193,0.269563,0.515618,0.0805537,0.105647,0.005
687,0,293.15,0.0236193,0.269563,0.515618,0.0805537,0.105647,0.005
687.5,0,293.15,0.0236193,0.269563,0.515618,0.0805537,0.105647,0.005
688,0,293.15,0.0236193,0.269563,0.515618,0.0805537,0.105647,0.005
688.5,0,293.15,0.0236193,0.269563,0.515618,0.0805537,0.105647,0.005
689,0,293.15,0.0236193,0.269563,0.515618,0.0805537,0.105647,0.005
689.5,0,293.15,0.0236193,0.269563,0.515618,0.0805537,0.105647,0.005
690,0,293.15,0.0236193,0.269563,0.515618,0.0805537,0.105647,0.005
690.5,0,293.15,0.0236193,0.269563,0.515618,0.0805537,0.105647,0.005
691,0,293.15,0.0236193,0.269563,0.515618,0.0805537,0.105647,0.005
691.5,0,293.15,0.0236193,0.269563,0.515618,0.0805537,0.105647,0.005
692,0,293.15,0.0236193,0.269563,0.515618,0.0805537,0.105647,0.005
692.5,0,293.15,0.0236193,0.269563,0.515618,0.0805537,0.105647,0.005
693,0,293.15,0.0236193,0.269563,0.515618,0.0805537,0.105647,0.005
693.5,0,293.15,0.0236193,0.269563,0.515618,0.0805537,0.105647,0.005
694,0,293.15,0.0236193,0.269563,0.515618,0.0805537,0.105647,0.005
694.5,0,293.15,0.0236193,0.269563,0.515618,0.0805537,0.105647,0.005
695,0,293.15,0.0236193,0.269563,0.515618,0.0805537,0.105647,0.005
695.5,0,293.15,0.0236193,0.269563,0.515618,0.0805537,0.105647,0.005
696,0,293.15,0.0236193,0.269563,0.515618,0.0805537,0.105647,0.005
696.5,0,293.15,0.0236193,0.269563,0.515618,0.0805537,0.105647,0.005
697,0,293.15,0.0236193,0.269563,0.515618,0.0805537,0.105647,0.005
697.5,0,293.15,0.0236193,0.269563,0.515618,0.0805537,0.105647,0.005
698,0,293.15,0.0236193,0.269563,0.515618,0.0805537,0.105647,0.005
698.5,0,293.15,0.0236193,0.269563,0.515618,0.0805537,0.105647,0.005
699,0,293.15,0.0236193,0.269563,0.515618,0.0805537,0.105647,0.005
699.5,0,293.15,0.0236193,0.269563,0.515618,0.0805537,0.105647,0.005
700,0,293.15,0.0236193,0.269563,0.515618,0.0805537,0.105647,0.005
700.5,0,293.15,0.0236193,0.269563,0.515618,0.0805537,0.105647,0.005
701,0,293.15,0.0236193,0.269563,0.515618,0.0805537,0.105647,0.005
701.5,0,293.15,0.0236193,0.269563,0.515618,0.0805537,0.105647,0.005
702,0,293.15,0.0236193,0.269563,0.515618,0.0805537,0.105647,0.005
702.5,0,293.15,0.0236193,0.269563,0.515618,0.0805537,0.105647,0.005
703,0,293.15,0.0236193,0.269563,0.515618,0.0805537,0.105647,0.005
703.5,0,293.15,0.0236193,0.269563,0.515618,0.0805537,0.105647,0.005
704,0,293.15,0.0236193,0.269563,0.515618,0.0805537,0.105647,0.005
704.5,0,293.15,0.0236193,0.269563,0.515618,0.0805537,0.105647,0.005
705,0,293.15,0.0236193,0.269563,0.515618,0.0805537,0.105647,0.005
705.5,0,293.15,0.0236193,0.269563,0.515618,0.0805537,0.105647,0.005
706,0,293.15,0.0236193,0.269563,0.515618,0.0805537,0.105647,0.005
706.5,0,293.15,0.0236193,0.269563,0.515618,0.0805537,0.105647,0.005
707,0,293.15,0.0236193,0.269563,0.515618,0.0805537,0.105647,0.005
707.5,0,293.15,0.0236193,0.269563,0.515618,0.0805537,0.105647,0.005
708,0,293.15,0.0236193,0.269563,0.515618,0.0805537,0.105647,0.005
708.5,0,293.15,0.0236193,0.269563,0.515618,0.0805537,0.105647,0.005
709,0,293.15,0.0236193,0.269563,0.515618,0.0805537,0.105647,0.005
709.5,0,293.15,0.0236193,0.269563,0.515618,0.0805537,0.105647,0.005
710,0,293.15,0.0236193,0.269563,0.515618,0.0805537,0.105647,0.005
710.5,0,293.15,0.0236193,0.269563,0.515618,0.0805537,0.105647,0.005
711,0,293.15,0.0236193,0.269563,0.515618,0.0805537,0.105647,0.005
711.5,0,293.15,0.0236193,0.269563,0.515618,0.0805537,0.105647,0.005
712,0,293.15,0.0236193,0.269563,0.515618,0.0805537,0.105647,0.005
712.5,0,293.15,0.0236193,0.269563,0.515618,0.0805537,0.105647,0.005
713,0,293.15,0.0236193,0.269563,0.515618,0.0805537,0.105647,0.005
713.5,0,293.15,0.0236193,0.269563,0.515618,0.0805537,0.105647,0.005
714,0,293.15,0.0236193,0.269563,0.515618,0.0805537,0.105647,0.005
714.5,0,293.15,0.0236193,0.269563,0.515618,0.0805537,0.105647,0.005
715,0,293.15,0.0236193,0.269563,0.515618,0.0805537,0.105647,0.005
715.5,0,293.15,0.0236193,0.269563,0.515618,0.0805537,0.105647,0.005
716,0,293.15,0.0236193,0.269563,0.515618,0.0805537,0.105647,0.005
716.5,0,293.15,0.0236193,0.269563,0.515618,0.0805537,0.105647,0.005
717,0,293.15,0.0236193,0.269563,0.515618,0.0805537,0.105647,0.005
717.5,0,293.15,0.0236193,0.269563,0.515618,0.0805537,0.105647,0.005
718,0,293.15,0.0236193,0.269563,0.515618,0.0805537,0.105647,0.005
718.5,0,293.15,0.0236193,0.269563,0.515618,0.0805537,0.105647,0.005
719,0,293.15,0.0236193,0.269563,0.515618,0.0805537,0.105647,0.005
719.5,0,293.15,0.0236193,0.269563,0.515618,0.0805537,0.105647,0.005
720,0,293.15,0.0236193,0.269563,0.515618,0.0805537,0.105647,0.005
720.5,0,293.15,0.0236193,0.269563,0.515618,0.0805537,0.105647,0.005
721,0,293.15,0.0236193,0.269563,0.515618,0.0805537,0.105647,0.005
721.5,0,293.15,0.0236193,0.269563,0.515618,0.0805537,0.105647,0.005
722,0,293.15,0.0236193,0.269563,0.515618,0.0805537,0.105647,0.005
722.5,0,293.15,0.0236193,0.269563,0.515618,0.0805537,0.105647,0.005
723,0,293.15,0.0236193,0.269563,0.515618,0.0805537,0.105647,0.005
723.5,0,293.15,0.0236193,0.269563,0.515618,0.0805537,0.105647,0.005
724,0,293.15,0.0236193,0.269563,0.515618,0.0805537,0.105647,0.005
724.5,0,293.15,0.0236193,0.269563,0.515618,0.0805537,0.105647,0.005
725,0,293.15,0.0236193,0.269563,0.515618,0.0805537,0.105647,0.005
725.5,0,293.15,0.0236193,0.269563,0.515618,0.0805537,0.105647,0.005
726,0,293.15,0.0236193,0.269563,0.515618,0.0805537,0.105647,0.005
726.5,0,293.15,0.0236193,0.269563,0.515618,0.0805537,0.105647,0.005
727,0,293.15,0.0236193,0.269563,0.515618,0.0805537,0.105647,0.005
727.5,0,293.15,0.0236193,0.269563,0.515618,0.0805537,0.105647,0.005
728,0,293.15,0.0236193,0.269563,0.515618,0.0805537,0.105647,0.005
728.5,0,293.15,0.0236193,0.269563,0.515618,0.0805537,0.105647,0.005
729,0,293.15,0.0236193,0.269563,0.515618,0.0805537,0.105647,0.005
729.5,0,293.15,0.0236193,0.269563,0.515618,0.0805537,0.105647,0.005
730,0,293.15,0.0236193,0.269563,0.515618,0.0805537,0.105647,0.005
730.5,0,293.15,0.0236193,0.269563,0.515618,0.0805537,0.105647,0.005
731,0,293.15,0.0236193,0.269563,0.515618,0.0805537,0.105647,0.005
731.5,0,293.15,0.0236193,0.269563,0.515618,0.0805537,0.105647,0.005
732,0,293.15,0.0236193,0.269563,0.515618,0.0805537,0.105647,0.005
732.5,0,293.15,0.0236193,0.269563,0.515618,0.0805537,0.105647,0.005
733,0,293.15,0.0236193,0.269563,0.515618,0.0805537,0.105647,0.005
733.5,0,293.15,0.0236193,0.269563,0.515618,0.0805537,0.105647,0.005
734,0,293.15,0.0236193,0.269563,0.515618,0.0805537,0.105647,0.005
734.5,0,293.15,0.0236193,0.269563,0.515618,0.0805537,0.105647,0.005
735,0,293.15,0.0236193,0.269563,0.515618,0.0805537,0.105647,0.005
735.5,0,293.15,0.0236193,0.269563,0.515618,0.0805537,0.105647,0.005
736,0,293.15,0.0236193,0.269563,0.515618,0.0805537,0.105647,0.005
736.5,0,293.15,0.0236193,0.269563,0.515618,0.0805537,0.105647,0.005
737,0,293.15,0.0236193,0.269563,0.515618,0.0805537,0.105647,0.005
737.5,0,293.15,0.0236193,0.269563,0.515618,0.0805537,0.105647,0.005
738,0,293.15,0.0236193,0.269563,0.515618,0.0805537,0.105647,0.005
738.5,0,293.15,0.0236193,0.269563,0.515618,0.0805537,0.105647,0.005
739,0,293.15,0.0236193,0.269563,0.515618,0.0805537,0.105647,0.005
739.5,0,293.15,0.0236193,0.269563,0.515618,0.0805537,0.105647,0.005
740,0,293.15,0.0236193,0.269563,0.515618,0.0805537,0.105647,0.005
740.5,0,293.15,0.0236193,0.269563,0.515618,0.0805537,0.105647,0.005
741,0,293.15,0.0236193,0.269563,0.515618,0.0805537,0.105647,0.005
741.5,0,293.15,0.0236193,0.269563,0.515618,0.0805537,0.105647,0.005
742,0,293.15,0.0236193,0.269563,0.515618,0.0805537,0.105647,0.005
742.5,0,293.15,0.0236193,0.269563,0.515618,0.0805537,0.105647,0.005
743,0,293.15,0.0236193,0.269563,0.515618,0.0805537,0.105647,0.005
743.5,0,293.15,0.0236193,0.269563,0.515618,0.0805537,0.105647,0.005
744,0,293.15,0.0236193,0.269563,0.515618,0.0805537,0.105647,0.005
744.5,0,293.15,0.0236193,0.269563,0.515618,0.0805537,0.105647,0.005
745,0,293.15,0.0236193,0.269563,0.515618,0.0805537,0.105647,0.005
745.5,0,293.15,0.0236193,0.269563,0.515618,0.0805537,0.105647,0.005
746,0,293.15,0.0236193,0.269563,0.515618,0.0805537,0.105647,0.005
746.5,0,293.15,0.0236193,0.269563,0.515618,0.0805537,0.105647,0.005
747,0,293.15,0.0236193,0.269563,0.515618,0.0805537,0.105647,0.005
747.5,0,293.15,0.0236193,0.269563,0.515618,0.0805537,0.105647,0.005
748,0,293.15,0.0236193,0.269563,0.515618,0.0805537,0.105647,0.005
748.5,0,293.15,0.0236193,0.269563,0.515618,0.0805537,0.105647,0.005
749,0,293.15,0.0236193,0.269563,0.515618,0.0805537,0.105647,0.005
749.5,0,293.15,0.0236193,0.269563,0.515618,0.0805537,0.105647,0.005
750,0,293.15,0.0236193,0.269563,0.515618,0.0805537,0.105647,0.005
750.5,0,293.15,0.0236193,0.269563,0.515618,0.0805537,0.105647,0.005
751,0,293.15,0.0236193,0.269563,0.515618,0.0805537,0.105647,0.005
751.5,0,293.15,0.0236193,0.269563,0.515618,0.0805537,0.105647,0.005
752,0,293.15,0.0236193,0.269563,0.515618,0.0805537,0.105647,0.005
752.5,0,293.15,0.0236193,0.269563,0.515618,0.0805537,0.105647,0.005
753,0,293.15,0.0236193,0.269563,0.515618,0.0805537,0.105647,0.005
753.5,0,293.15,0.0236193,0.269563,0.515618,0.0805537,0.105647,0.005
754,0,293.15,0.0236193,0.269563,0.515618,0.0805537,0.105647,0.005
754.5,0,293.15,0.0236193,0.269563,0.515618,0.0805537,0.105647,0.005
755,0,293.15,0.0236193,0.269563,0.515618,0.0805537,0.105647,0.005
755.5,0,293.15,0.0236193,0.269563,0.515618,0.0805537,0.105647,0.005
756,0,293.15,0.0236193,0.269563,0.515618,0.0805537,0.105647,0.005
756.5,0,293.15,0.0236193,0.269563,0.515618,0.0805537,0.105647,0.005
757,0,293.15,0.0236193,0.269563,0.515618,0.0805537,0.105647,0.005
757.5,0,293.15,0.0236193,0.269563,0.515618,0.0805537,0.105647,0.005
758,0,293.15,0.0236193,0.269563,0.515618,0.0805537,0.105647,0.005
758.5,0,293.15,0.0236193,0.269563,0.515618,0.0805537,0.105647,0.005
759,0,293.15,0.0236193,0.269563,0.515618,0.0805537,0.105647,0.005
759.5,0,293.15,0.0236193,0.269563,0.515618,0.0805537,0.105647,0.005
760,0,293.15,0.0236193,0.269563,0.515618,0.0805537,0.105647,0.005
760.5,0,293.15,0.0236193,0.269563,0.515618,0.0805537,0.105647,0.005
761,0,293.15,0.0236193,0.269563,0.515618,0.0805537,0.105647,0.005
761.5,0,293.15,0.0236193,0.269563,0.515618,0.0805537,0.105647,0.005
762,0,293.15,0.0236193,0.269563,0.515618,0.0805537,0.105647,0.005
762.5,0,293.15,0.0236193,0.269563,0.515618,0.0805537,0.105647,0.005
763,0,293.15,0.0236193,0.269563,0.515618,0.0805537,0.105647,0.005
763.5,0,293.15,0.0236193,0.269563,0.515618,0.0805537,0.105647,0.005
764,0,293.15,0.0236193,0.269563,0.515618,0.0805537,0.105647,0.005
764.5,0,293.15,0.0236193,0.269563,0.515618,0.0805537,0.105647,0.005
765,0,293.15,0.0236193,0.269563,0.515618,0.0805537,0.105647,0.005
765.5,0,293.15,0.0236193,0.269563,0.515618,0.0805537,0.105647,0.005
766,0,293.15,0.0236193,0.269563,0.515618,0.0805537,0.105647,0.005
766.5,0,293.15,0.0236193,0.269563,0.515618,0.0805537,0.105647,0.005
767,0,293.15,0.0236193,0.269563,0.515618,0.0805537,0.105647,0.005
767.5,0,293.15,0.0236193,0.269563,0.515618,0.0805537,0.105647,0.005
768,0,293.15,0.0236193,0.269563,0.515618,0.0805537,0.105647,0.005
768.5,0,293.15,0.0236193,0.269563,0.515618,0.0805537,0.105647,0.005
769,0,293.15,0.0236193,0.269563,0.515618,0.0805537,0.105647,0.005
769.5,0,293.15,0.0236193,0.269563,0.515618,0.0805537,0.105647,0.005
770,0,293.15,0.0236193,0.269563,0.515618,0.0805537,0.105647,0.005
770.5,0,293.15,0.0236193,0.269563,0.515618,0.0805537,0.105647,0.005
771,0,293.15,0.0236193,0.269563,0.515618,0.0805537,0.105647,0.005
771.5,0,293.15,0.0236193,0.269563,0.515618,0.0805537,0.105647,0.005
772,0,293.15,0.0236193,0.269563,0.515618,0.0805537,0.105647,0.005
772.5,0,293.15,0.0236193,0.269563,0.515618,0.0805537,0.105647,0.005
773,0,293.15,0.0236193,0.269563,0.515618,0.0805537,0.105647,0.005
773.5,0,293.15,0.0236193,0.269563,0.515618,0.0805537,0.105647,0.005
774,0,293.15,0.0236193,0.269563,0.515618,0.0805537,0.105647,0.005
774.5,0,293.15,0.0236193,0.269563,0.515618,0.0805537,0.105647,0.005
775,0,293.15,0.0236193,0.269563,0.515618,0.0805537,0.105647,0.005
775.5,0,293.15,0.0236193,0.269563,0.515618,0.0805537,0.105647,0.005
776,0,293.15,0.0236193,0.269563,0.515618,0.0805537,0.105647,0.005
776.5,0,293.15,0.0236193,0.269563,0.515618,0.0805537,0.105647,0.005
777,0,293.15,0.0236193,0.269563,0.515618,0.0805537,0.105647,0.005
777.5,0,293.15,0.0236193,0.269563,0.515618,0.0805537,0.105647,0.005
778,0,293.15,0.0236193,0.269563,0.515618,0.0805537,0.105647,0.005
778.5,0,293.15,0.0236193,0.269563,0.515618,0.0805537,0.105647,0.005
779,0,293.15,0.0236193,0.269563,0.515618,0.0805537,0.105647,0.005
779.5,0,293.15,0.0236193,0.269563,0.515618,0.0805537,0.105647,0.005
780,0,293.15,0.0236193,0.269563,0.515618,0.0805537,0.105647,0.005
780.5,0,293.15,0.0236193,0.269563,0.515618,0.0805537,0.105647,0.005
781,0,293.15,0.0236193,0.269563,0.515618,0.0805537,0.105647,0.005
781.5,0,293.15,0.0236193,0.269563,0.515618,0.0805537,0.105647,0.005
782,0,293.15,0.0236193,0.269563,0.515618,0.0805537,0.105647,0.005
782.5,0,293.15,0.0236193,0.269563,0.515618,0.0805537,0.105647,0.005
783,0,293.15,0.0236193,0.269563,0.515618,0.0805537,0.105647,0.005
783.5,0,293.15,0.0236193,0.269563,0.515618,0.0805537,0.105647,0.005
784,0,293.15,0.0236193,0.269563,0.515618,0.0805537,0.105647,0.005
784.5,0,293.15,0.0236193,0.269563,0.515618,0.0805537,0.105647,0.005
785,0,293.15,0.0236193,0.269563,0.515618,0.0805537,0.105647,0.005
785.5,0,293.15,0.0236193,0.269563,0.515618,0.0805537,0.105647,0.005
786,0,293.15,0.0236193,0.269563,0.515618,0.0805537,0.105647,0.005
786.5,0,293.15,0.0236193,0.269563,0.515618,0.0805537,0.105647,0.005
787,0,293.15,0.0236193,0.269563,0.515618,0.0805537,0.105647,0.005
787.5,0,293.15,0.0236193,0.269563,0.515618,0.0805537,0.105647,0.005
788,0,293.15,0.0236193,0.269563,0.515618,0.0805537,0.105647,0.005
788.5,0,293.15,0.0236193,0.269563,0.515618,0.0805537,0.105647,0.005
789,0,293.15,0.0236193,0.269563,0.515618,0.0805537,0.105647,0.005
789.5,0,293.15,0.0236193,0.269563,0.515618,0.0805537,0.105647,0.005
790,0,293.15,0.0236193,0.269563,0.515618,0.0805537,0.105647,0.005
790.5,0,293.15,0.0236193,0.269563,0.515618,0.0805537,0.105647,0.005
791,0,293.15,0.0236193,0.269563,0.515618,0.0805537,0.105647,0.005
791.5,0,293.15,0.0236193,0.269563,0.515618,0.0805537,0.105647,0.005
792,0,293.15,0.0236193,0.269563,0.515618,0.0805537,0.105647,0.005
792.5,0,293.15,0.0236193,0.269563,0.515618,0.0805537,0.105647,0.005
793,0,293.15,0.0236193,0.269563,0.515618,0.0805537,0.105647,0.005
793.5,0,293.15,0.0236193,0.269563,0.515618,0.0805537,0.105647,0.005
794,0,293.15,0.0236193,0.269563,0.515618,0.0805537,0.105647,0.005
794.5,0,293.15,0.0236193,0.269563,0.515618,0.0805537,0.105647,0.005
795,0,293.15,0.0236193,0.269563,0.515618,0.0805537,0.105647,0.005
795.5,0,293.15,0.0236193,0.269563,0.515618,0.0805537,0.105647,0.005
796,0,293.15,0.0236193,0.269563,0.515618,0.0805537,0.105647,0.005
796.5,0,293.15,0.0236193,0.269563,0.515618,0.0805537,0.105647,0.005
797,0,293.15,0.0236193,0.269563,0.515618,0.0805537,0.105647,0.005
797.5,0,293.15,0.0236193,0.269563,0.515618,0.0805537,0.105647,0.005
798,0,293.15,0.0236193,0.269563,0.515618,0.0805537,0.105647,0.005
798.5,0,293.15,0.0236193,0.269563,0.515618,0.0805537,0.105647,0.005
799,0,293.15,0.0236193,0.269563,0.515618,0.0805537,0.105647,0.005
799.5,0,293.15,0.0236193,0.269563,0.515618,0.0805537,0.105647,0.005
800,0,293.15,0.0236193,0.269563,0.515618,0.0805537,0.105647,0.005
800.5,0,293.15,0.0236193,0.269563,0.515618,0.0805537,0.105647,0.005
801,0,293.15,0.0236193,0.269563,0.515618,0.0805537,0.105647,0.005
801.5,0,293.15,0.0236193,0.269563,0.515618,0.0805537,0.105647,0.005
802,0,293.15,0.0236193,0.269563,0.515618,0.0805537,0.105647,0.005
802.5,0,293.15,0.0236193,0.269563,0.515618,0.0805537,0.105647,0.005
803,0,293.15,0.0236193,0.269563,0.515618,0.0805537,0.105647,0.005
803.5,0,293.15,0.0236193,0.269563,0.515618,0.0805537,0.105647,0.005
804,0,293.15,0.0236193,0.269563,0.515618,0.0805537,0.105647,0.005
804.5,0,293.15,0.0236193,0.269563,0.515618,0.0805537,0.105647,0.005
805,0,293.15,0.0236193,0.269563,0.515618,0.0805537,0.105647,0.005
805.5,0,293.15,0.0236193,0.269563,0.515618,0.0805537,0.105647,0.005
806,0,293.15,0.0236193,0.269563,0.515618,0.0805537,0.105647,0.005
806.5,0,293.15,0.0236193,0.269563,0.515618,0.0805537,0.105647,0.005
807,0,293.15,0.0236193,0.269563,0.515618,0.0805537,0.105647,0.005
807.5,0,293.15,0.0236193,0.269563,0.515618,0.0805537,0.105647,0.005
808,0,293.15,0.0236193,0.269563,0.515618,0.0805537,0.105647,0.005
808.5,0,293.15,0.0236193,0.269563,0.515618,0.0805537,0.105647,0.005
809,0,293.15,0.0236193,0.269563,0.515618,0.0805537,0.105647,0.005
809.5,0,293.15,0.0236193,0.269563,0.515618,0.0805537,0.105647,0.005
810,0,293.15,0.0236193,0.269563,0.515618,0.0805537,0.105647,0.005
810.5,0,293.15,0.0236193,0.269563,0.515618,0.0805537,0.105647,0.005
811,0,293.15,0.0236193,0.269563,0.515618,0.0805537,0.105647,0.005
811.5,0,293.15,0.0236193,0.269563,0.515618,0.0805537,0.105647,0.005
812,0,293.15,0.0236193,0.269563,0.515618,0.0805537,0.105647,0.005
812.5,0,293.15,0.0236193,0.269563,0.515618,0.0805537,0.105647,0.005
813,0,293.15,0.0236193,0.269563,0.515618,0.0805537,0.105647,0.005
813.5,0,293.15,0.0236193,0.269563,0.515618,0.0805537,0.105647,0.005
814,0,293.15,0.0236193,0.269563,0.515618,0.0805537,0.105647,0.005
814.5,0,293.15,0.0236193,0.269563,0.515618,0.0805537,0.105647,0.005
815,0,293.15,0.0236193,0.269563,0.515618,0.0805537,0.105647,0.005
815.5,0,293.15,0.0236193,0.269563,0.515618,0.0805537,0.105647,0.005
816,0,293.15,0.0236193,0.269563,0.515618,0.0805537,0.105647,0.005
816.5,0,293.15,0.0236193,0.269563,0.515618,0.0805537,0.105647,0.005
817,0,293.15,0.0236193,0.269563,0.515618,0.0805537,0.105647,0.005
817.5,0,293.15,0.0236193,0.269563,0.515618,0.0805537,0.105647,0.005
818,0,293.15,0.0236193,0.269563,0.515618,0.0805537,0.105647,0.005
818.5,0,293.15,0.0236193,0.269563,0.515618,0.0805537,0.105647,0.005
819,0,293.15,0.0236193,0.269563,0.515618,0.0805537,0.105647,0.005
819.5,0,293.15,0.0236193,0.269563,0.515618,0.0805537,0.105647,0.005
820,0,293.15,0.0236193,0.269563,0.515618,0.0805537,0.105647,0.005
820.5,0,293.15,0.0236193,0.269563,0.515618,0.0805537,0.105647,0.005
821,0,293.15,0.0236193,0.269563,0.515618,0.0805537,0.105647,0.005
821.5,0,293.15,0.0236193,0.269563,0.515618,0.0805537,0.105647,0.005
822,0,293.15,0.0236193,0.269563,0.515618,0.0805537,0.105647,0.005
822.5,0,293.15,0.0236193,0.269563,0.515618,0.0805537,0.105647,0.005
823,0,293.15,0.0236193,0.269563,0.515618,0.0805537,0.105647,0.005
823.5,0,293.15,0.0236193,0.269563,0.515618,0.0805537,0.105647,0.005
824,0,293.15,0.0236193,0.269563,0.515618,0.0805537,0.105647,0.005
824.5,0,293.15,0.0236193,0.269563,0.515618,0.0805537,0.105647,0.005
825,0,293.15,0.0236193,0.269563,0.515618,0.0805537,0.105647,0.005
825.5,0,293.15,0.0236193,0.269563,0.515618,0.0805537,0.105647,0.005
826,0,293.15,0.0236193,0.269563,0.515618,0.0805537,0.105647,0.005
826.5,0,293.15,0.0236193,0.269563,0.515618,0.0805537,0.105647,0.005
827,0,293.15,0.0236193,0.269563,0.515618,0.0805537,0.105647,0.005
827.5,0,293.15,0.0236193,0.269563,0.515618,0.0805537,0.105647,0.005
828,0,293.15,0.0236193,0.269563,0.515618,0.0805537,0.105647,0.005
828.5,0,293.15,0.0236193,0.269563,0.515618,0.0805537,0.105647,0.005
829,0,293.15,0.0236193,0.269563,0.515618,0.0805537,0.105647,0.005
829.5,0,293.15,0.0236193,0.269563,0.515618,0.0805537,0.105647,0.005
830,0,293.15,0.0236193,0.269563,0.515618,0.0805537,0.105647,0.005
830.5,0,293.15,0.0236193,0.269563,0.515618,0.0805537,0.105647,0.005
831,0,293.15,0.0236193,0.269563,0.515618,0.0805537,0.105647,0.005
831.5,0,293.15,0.0236193,0.269563,0.515618,0.0805537,0.105647,0.005
832,0,293.15,0.0236193,0.269563,0.515618,0.0805537,0.105647,0.005
832.5,0,293.15,0.0236193,0.269563,0.515618,0.0805537,0.105647,0.005
833,0,293.15,0.0236193,0.269563,0.515618,0.0805537,0.105647,0.005
833.5,0,293.15,0.0236193,0.269563,0.515618,0.0805537,0.105647,0.005
834,0,293.15,0.0236193,0.269563,0.515618,0.0805537,0.105647,0.005
834.5,0,293.15,0.0236193,0.269563,0.515618,0.0805537,0.105647,0.005
835,0,293.15,0.0236193,0.269563,0.515618,0.0805537,0.105647,0.005
835.5,0,293.15,0.0236193,0.269563,0.515618,0.0805537,0.105647,0.005
836,0,293.15,0.0236193,0.269563,0.515618,0.0805537,0.105647,0.005
836.5,0,293.15,0.0236193,0.269563,0.515618,0.0805537,0.105647,0.005
837,0,293.15,0.0236193,0.269563,0.515618,0.0805537,0.105647,0.005
837.5,0,293.15,0.0236193,0.269563,0.515618,0.0805537,0.105647,0.005
838,0,293.15,0.0236193,0.269563,0.515618,0.0805537,0.105647,0.005
838.5,0,293.15,0.0236193,0.269563,0.515618,0.0805537,0.105647,0.005
839,0,293.15,0.0236193,0.269563,0.515618,0.0805537,0.105647,0.005
839.5,0,293.15,0.0236193,0.269563,0.515618,0.0805537,0.105647,0.005
840,0,293.15,0.0236193,0.269563,0.515618,0.0805537,0.105647,0.005
840.5,0,293.15,0.0236193,0.269563,0.515618,0.0805537,0.105647,0.005
841,0,293.15,0.0236193,0.269563,0.515618,0.0805537,0.105647,0.005
841.5,0,293.15,0.0236193,0.269563,0.515618,0.0805537,0.105647,0.005
842,0,293.15,0.0236193,0.269563,0.515618,0.0805537,0.105647,0.005
842.5,0,293.15,0.0236193,0.269563,0.515618,0.0805537,0.105647,0.005
843,0,293.15,0.0236193,0.269563,0.515618,0.0805537,0.105647,0.005
843.5,0,293.15,0.0236193,0.269563,0.515618,0.0805537,0.105647,0.005
844,0,293.15,0.0236193,0.269563,0.515618,0.0805537,0.105647,0.005
844.5,0,293.15,0.0236193,0.269563,0.515618,0.0805537,0.105647,0.005
845,0,293.15,0.0236193,0.269563,0.515618,0.0805537,0.105647,0.005
845.5,0,293.15,0.0236193,0.269563,0.515618,0.0805537,0.105647,0.005
846,0,293.15,0.0236193,0.269563,0.515618,0.0805537,0.105647,0.005
846.5,0,293.15,0.0236193,0.269563,0.515618,0.0805537,0.105647,0.005
847,0,293.15,0.0236193,0.269563,0.515618,0.0805537,0.105647,0.005
847.5,0,293.15,0.0236193,0.269563,0.515618,0.0805537,0.105647,0.005
848,0,293.15,0.0236193,0.269563,0.515618,0.0805537,0.105647,0.005
848.5,0,293.15,0.0236193,0.269563,0.515618,0.0805537,0.105647,0.005
849,0,293.15,0.0236193,0.269563,0.515618,0.0805537,0.105647,0.005
849.5,0,293.15,0.0236193,0.269563,0.515618,0.0805537,0.105647,0.005
850,0,293.15,0.0236193,0.269563,0.515618,0.0805537,0.105647,0.005
850.5,0,293.15,0.0236193,0.269563,0.515618,0.0805537,0.105647,0.005
851,0,293.15,0.0236193,0.269563,0.515618,0.0805537,0.105647,0.005
851.5,0,293.15,0.0236193,0.269563,0.515618,0.0805537,0.105647,0.005
852,0,293.15,0.0236193,0.269563,0.515618,0.0805537,0.105647,0.005
852.5,0,293.15,0.0236193,0.269563,0.515618,0.0805537,0.105647,0.005
853,0,293.15,0.0236193,0.269563,0.515618,0.0805537,0.105647,0.005
853.5,0,293.15,0.0236193,0.269563,0.515618,0.0805537,0.105647,0.005
854,0,293.15,0.0236193,0.269563,0.515618,0.0805537,0.105647,0.005
854.5,0,293.15,0.0236193,0.269563,0.515618,0.0805537,0.105647,0.005
855,0,293.15,0.0236193,0.269563,0.515618,0.0805537,0.105647,0.005
855.5,0,293.15,0.0236193,0.269563,0.515618,0.0805537,0.105647,0.005
856,0,293.15,0.0236193,0.269563,0.515618,0.0805537,0.105647,0.005
856.5,0,293.15,0.0236193,0.269563,0.515618,0.0805537,0.105647,0.005
857,0,293.15,0.0236193,0.269563,0.515618,0.0805537,0.105647,0.005
857.5,0,293.15,0.0236193,0.269563,0.515618,0.0805537,0.105647,0.005
858,0,293.15,0.0236193,0.269563,0.515618,0.0805537,0.105647,0.005
858.5,0,293.15,0.0236193,0.269563,0.515618,0.0805537,0.105647,0.005
859,0,293.15,0.0236193,0.269563,0.515618,0.0805537,0.105647,0.005
859.5,0,293.15,0.0236193,0.269563,0.515618,0.0805537,0.105647,0.005
860,0,293.15,0.0236193,0.269563,0.515618,0.0805537,0.105647,0.005
860.5,0,293.15,0.0236193,0.269563,0.515618,0.0805537,0.105647,0.005
861,0,293.15,0.0236193,0.269563,0.515618,0.0805537,0.105647,0.005
861.5,0,293.15,0.0236193,0.269563,0.515618,0.0805537,0.105647,0.005
862,0,293.15,0.0236193,0.269563,0.515618,0.0805537,0.105647,0.005
862.5,0,293.15,0.0236193,0.269563,0.515618,0.0805537,0.105647,0.005
863,0,293.15,0.0236193,0.269563,0.515618,0.0805537,0.105647,0.005
863.5,0,293.15,0.0236193,0.269563,0.515618,0.0805537,0.105647,0.005
864,0,293.15,0.0236193,0.269563,0.515618,0.0805537,0.105647,0.005
864.5,0,293.15,0.0236193,0.269563,0.515618,0.0805537,0.105647,0.005
865,0,293.15,0.0236193,0.269563,0.515618,0.0805537,0.105647,0.005
865.5,0,293.15,0.0236193,0.269563,0.515618,0.0805537,0.105647,0.005
866,0,293.15,0.0236193,0.269563,0.515618,0.0805537,0.105647,0.005
866.5,0,293.15,0.0236193,0.269563,0.515618,0.0805537,0.105647,0.005
867,0,293.15,0.0236193,0.269563,0.515618,0.0805537,0.105647,0.005
867.5,0,293.15,0.0236193,0.269563,0.515618,0.0805537,0.105647,0.005
868,0,293.15,0.0236193,0.269563,0.515618,0.0805537,0.105647,0.005
868.5,0,293.15,0.0236193,0.269563,0.515618,0.0805537,0.105647,0.005
869,0,293.15,0.0236193,0.269563,0.515618,0.0805537,0.105647,0.005
869.5,0,293.15,0.0236193,0.269563,0.515618,0.0805537,0.105647,0.005
870,0,293.15,0.0236193,0.269563,0.515618,0.0805537,0.105647,0.005
870.5,0,293.15,0.0236193,0.269563,0.515618,0.0805537,0.105647,0.005
871,0,293.15,0.0236193,0.269563,0.515618,0.0805537,0.105647,0.005
871.5,0,293.15,0.0236193,0.269563,0.515618,0.0805537,0.105647,0.005
872,0,293.15,0.0236193,0.269563,0.515618,0.0805537,0.105647,0.005
872.5,0,293.15,0.0236193,0.269563,0.515618,0.0805537,0.105647,0.005
873,0,293.15,0.0236193,0.269563,0.515618,0.0805537,0.105647,0.005
873.5,0,293.15,0.0236193,0.269563,0.515618,0.0805537,0.105647,0.005
874,0,293.15,0.0236193,0.269563,0.515618,0.0805537,0.105647,0.005
874.5,0,293.15,0.0236193,0.269563,0.515618,0.0805537,0.105647,0.005
875,0,293.15,0.0236193,0.269563,0.515618,0.0805537,0.105647,0.005
875.5,0,293.15,0.0236193,0.269563,0.515618,0.0805537,0.105647,0.005
876,0,293.15,0.0236193,0.269563,0.515618,0.0805537,0.105647,0.005
876.5,0,293.15,0.0236193,0.269563,0.515618,0.0805537,0.105647,0.005
877,0,293.15,0.0236193,0.269563,0.515618,0.0805537,0.105647,0.005
877.5,0,293.15,0.0236193,0.269563,0.515618,0.0805537,0.105647,0.005
878,0,293.15,0.0236193,0.269563,0.515618,0.0805537,0.105647,0.005
878.5,0,293.15,0.0236193,0.269563,0.515618,0.0805537,0.105647,0.005
879,0,293.15,0.0236193,0.269563,0.515618,0.0805537,0.105647,0.005
879.5,0,293.15,0.0236193,0.269563,0.515618,0.0805537,0.105647,0.005
880,0,293.15,0.0236193,0.269563,0.515618,0.0805537,0.105647,0.005
880.5,0,293.15,0.0236193,0.269563,0.515618,0.0805537,0.105647,0.005
881,0,293.15,0.0236193,0.269563,0.515618,0.0805537,0.105647,0.005
881.5,0,293.15,0.0236193,0.269563,0.515618,0.0805537,0.105647,0.005
882,0,293.15,0.0236193,0.269563,0.515618,0.0805537,0.105647,0.005
882.5,0,293.15,0.0236193,0.269563,0.515618,0.0805537,0.105647,0.005
883,0,293.15,0.0236193,0.269563,0.515618,0.0805537,0.105647,0.005
883.5,0,293.15,0.0236193,0.269563,0.515618,0.0805537,0.105647,0.005
884,0,293.15,0.0236193,0.269563,0.515618,0.0805537,0.105647,0.005
884.5,0,293.15,0.0236193,0.269563,0.515618,0.0805537,0.105647,0.005
885,0,293.15,0.0236193,0.269563,0.515618,0.0805537,0.105647,0.005
885.5,0,293.15,0.0236193,0.269563,0.515618,0.0805537,0.105647,0.005
886,0,293.15,0.0236193,0.269563,0.515618,0.0805537,0.105647,0.005
886.5,0,293.15,0.0236193,0.269563,0.515618,0.0805537,0.105647,0.005
887,0,293.15,0.0236193,0.269563,0.515618,0.0805537,0.105647,0.005
887.5,0,293.15,0.0236193,0.269563,0.515618,0.0805537,0.105647,0.005
888,0,293.15,0.0236193,0.269563,0.515618,0.0805537,0.105647,0.005
888.5,0,293.15,0.0236193,0.269563,0.515618,0.0805537,0.105647,0.005
889,0,293.15,0.0236193,0.269563,0.515618,0.0805537,0.105647,0.005
889.5,0,293.15,0.0236193,0.269563,0.515618,0.0805537,0.105647,0.005
890,0,293.15,0.0236193,0.269563,0.515618,0.0805537,0.105647,0.005
890.5,0,293.15,0.0236193,0.269563,0.515618,0.0805537,0.105647,0.005
891,0,293.15,0.0236193,0.269563,0.515618,0.0805537,0.105647,0.005
891.5,0,293.15,0.0236193,0.269563,0.515618,0.0805537,0.105647,0.005
892,0,293.15,0.0236193,0.269563,0.515618,0.0805537,0.105647,0.005
892.5,0,293.15,0.0236193,0.269563,0.515618,0.0805537,0.105647,0.005
893,0,293.15,0.0236193,0.269563,0.515618,0.0805537,0.105647,0.005
893.5,0,293.15,0.0236193,0.269563,0.515618,0.0805537,0.105647,0.005
894,0,293.15,0.0236193,0.269563,0.515618,0.0805537,0.105647,0.005
894.5,0,293.15,0.0236193,0.269563,0.515618,0.0805537,0.105647,0.005
895,0,293.15,0.0236193,0.269563,0.515618,0.0805537,0.105647,0.005
895.5,0,293.15,0.0236193,0.269563,0.515618,0.0805537,0.105647,0.005
896,0,293.15,0.0236193,0.269563,0.515618,0.0805537,0.105647,0.005
896.5,0,293.15,0.0236193,0.269563,0.515618,0.0805537,0.105647,0.005
897,0,293.15,0.0236193,0.269563,0.515618,0.0805537,0.105647,0.005
897.5,0,293.15,0.0236193,0.269563,0.515618,0.0805537,0.105647,0.005
898,0,293.15,0.0236193,0.269563,0.515618,0.0805537,0.105647,0.005
898.5,0,293.15,0.0236193,0.269563,0.515618,0.0805537,0.105647,0.005
899,0,293.15,0.0236193,0.269563,0.515618,0.0805537,0.105647,0.005
899.5,0,293.15,0.0236193,0.269563,0.515618,0.0805537,0.105647,0.005
900,0,293.15,0.0236193,0.269563,0.515618,0.0805537,0.105647,0.005
