case,dy_tag,dy_m,target_time_s,actual_time_s,time_delta_s,slice_x_m,target_y_m,actual_y_m,n_points,l2_norm_C,rmse_C,max_abs_error_C
d_M5,dy00,0.0,0.0,0.0,0.0,8.132049560546875,1.45,1.4466666339586178,16,580.2683902891357,145.06709757228393,227.45762711864413
d_M5,dy00,0.0,10.0,10.01058292388916,0.010582923889160156,8.132049560546875,1.45,1.4466666339586178,16,452.83482808426743,113.20870702106686,163.20377362253274
d_M5,dy00,0.0,20.0,20.005002975463867,0.0050029754638671875,8.132049560546875,1.45,1.4466666339586178,16,477.6877419340853,119.42193548352132,362.7115139612499
d_M5,dy00,0.0,30.0,30.00124168395996,0.0012416839599609375,8.132049560546875,1.45,1.4466666339586178,16,1440.9943357759234,360.24858394398086,836.089860415276
d_M5,dy00,0.0,40.0,40.006187438964844,0.00618743896484375,8.132049560546875,1.45,1.4466666339586178,16,990.0553513894865,247.51383784737163,904.1925385818143
d_M5,dy00,0.0,50.0,50.00764846801758,0.007648468017578125,8.132049560546875,1.45,1.4466666339586178,16,845.3560969147421,211.33902422868553,840.1209714812912
d_M5,dy00,0.0,60.0,60.00835418701172,0.00835418701171875,8.132049560546875,1.45,1.4466666339586178,16,823.6236948204111,205.90592370510277,818.8812336209811
d_M5,dy00,0.0,70.0,70.00757598876953,0.00757598876953125,8.132049560546875,1.45,1.4466666339586178,16,719.3495967912562,179.83739919781405,715.0003836839691
d_M5,dy00,0.0,80.0,80.00468444824219,0.0046844482421875,8.132049560546875,1.45,1.4466666339586178,16,1061.5371598089569,265.3842899522392,811.5393324037814
d_M5,dy00,0.0,90.0,90.00244140625,0.00244140625,8.132049560546875,1.45,1.4466666339586178,16,851.8304384049073,212.95760960122684,840.9142276647889
d_M5,dy00,0.0,100.0,100.00980377197266,0.00980377197265625,8.132049560546875,1.45,1.4466666339586178,16,820.766971562868,205.191742890717,809.0973319573332
d_M5,dy00,0.0,110.0,110.0078125,0.0078125,8.132049560546875,1.45,1.4466666339586178,16,996.1626310547115,249.04065776367787,890.0077601517606
d_M5,dy00,0.0,120.0,120.00165557861328,0.00165557861328125,8.132049560546875,1.45,1.4466666339586178,16,846.1276448019479,211.53191120048697,828.7820986111589
d_M5,dy00,0.0,130.0,130.00535583496094,0.0053558349609375,8.132049560546875,1.45,1.4466666339586178,16,687.3773475813183,171.84433689532958,680.2485674523077
d_M5,dy00,0.0,140.0,140.0108184814453,0.0108184814453125,8.132049560546875,1.45,1.4466666339586178,16,381.01385571067425,95.25346392766856,346.2639394121986
d_M5,dy00,0.0,150.0,150.00213623046875,0.00213623046875,8.132049560546875,1.45,1.4466666339586178,16,925.2163282431633,231.30408206079082,915.4044594181255
d_M5,dy00,0.0,160.0,160.00363159179688,0.003631591796875,8.132049560546875,1.45,1.4466666339586178,16,807.4727069213245,201.86817673033113,584.8451497414728
d_M5,dy00,0.0,170.0,170.0038299560547,0.0038299560546875,8.132049560546875,1.45,1.4466666339586178,16,1128.670478721496,282.167619680374,883.2765349030966
d_M5,dy00,0.0,180.0,180.00369262695312,0.003692626953125,8.132049560546875,1.45,1.4466666339586178,16,965.8277053711763,241.45692634279408,927.0218925183793
d_M5,dy00,0.0,190.0,190.0024871826172,0.0024871826171875,8.132049560546875,1.45,1.4466666339586178,16,778.9442753433592,194.7360688358398,747.784049893909
d_M5,dy00,0.0,200.0,200.00721740722656,0.0072174072265625,8.132049560546875,1.45,1.4466666339586178,16,912.6798019034469,228.16995047586173,859.7078789967186
d_M5,dy00,0.0,210.0,210.00442504882812,0.004425048828125,8.132049560546875,1.45,1.4466666339586178,16,811.1324101015407,202.78310252538517,790.3279423196658
d_M5,dy00,0.0,220.0,220.0050811767578,0.0050811767578125,8.132049560546875,1.45,1.4466666339586178,16,580.5654034721026,145.14135086802565,572.3063569681145
d_M5,dy00,0.0,230.0,230.00802612304688,0.008026123046875,8.132049560546875,1.45,1.4466666339586178,16,637.6062208281417,159.40155520703541,560.3543501925463
d_M5,dy00,0.0,240.0,240.00572204589844,0.0057220458984375,8.132049560546875,1.45,1.4466666339586178,16,504.61193514532005,126.15298378633001,486.8404127997369
d_M5,dy00,0.0,250.0,250.005615234375,0.005615234375,8.132049560546875,1.45,1.4466666339586178,16,905.7636043204232,226.4409010801058,789.5786876798036
d_M5,dy00,0.0,260.0,260.0086975097656,0.008697509765625,8.132049560546875,1.45,1.4466666339586178,16,894.6596093455252,223.6649023363813,885.2226284036841
d_M5,dy00,0.0,270.0,270.0089416503906,0.008941650390625,8.132049560546875,1.45,1.4466666339586178,16,982.0888354056013,245.52220885140034,689.8575099062028
d_M5,dy00,0.0,280.0,280.01068115234375,0.01068115234375,8.132049560546875,1.45,1.4466666339586178,16,707.5439234288197,176.8859808572049,704.077996928204
d_M5,dy00,0.0,290.0,290.0057678222656,0.005767822265625,8.132049560546875,1.45,1.4466666339586178,16,702.2277270266399,175.55693175665996,698.8474709905158
d_M5,dy00,0.0,300.0,300.0,0.0,8.132049560546875,1.45,1.4466666339586178,16,677.2516655297605,169.31291638244014,666.5364757260618
dq_M5,dy00,0.0,0.0,0.0,0.0,8.132049560546875,1.45,1.4466666339586178,16,580.2683902891357,145.06709757228393,227.45762711864413
dq_M5,dy00,0.0,10.0,10.006834983825684,0.006834983825683594,8.132049560546875,1.45,1.4466666339586178,16,435.8299108708433,108.95747771771083,207.35393526118455
dq_M5,dy00,0.0,20.0,20.000368118286133,0.0003681182861328125,8.132049560546875,1.45,1.4466666339586178,16,651.4812602177484,162.8703150544371,512.725568719549
dq_M5,dy00,0.0,30.0,30.00543975830078,0.00543975830078125,8.132049560546875,1.45,1.4466666339586178,16,1611.1467045953286,402.78667614883216,978.4354225231319
dq_M5,dy00,0.0,40.0,40.00568771362305,0.005687713623046875,8.132049560546875,1.45,1.4466666339586178,16,989.7060075560261,247.42650188900652,933.6593462268908
dq_M5,dy00,0.0,50.0,50.007999420166016,0.007999420166015625,8.132049560546875,1.45,1.4466666339586178,16,1077.8263015480336,269.4565753870084,908.7698549616495
dq_M5,dy00,0.0,60.0,60.002803802490234,0.002803802490234375,8.132049560546875,1.45,1.4466666339586178,16,827.5356826284632,206.8839206571158,820.0142281919557
dq_M5,dy00,0.0,70.0,70.00408172607422,0.00408172607421875,8.132049560546875,1.45,1.4466666339586178,16,928.9527658838923,232.23819147097308,870.5921262976241
dq_M5,dy00,0.0,80.0,80.00511169433594,0.0051116943359375,8.132049560546875,1.45,1.4466666339586178,16,977.9720605613672,244.4930151403418,930.5294184068086
dq_M5,dy00,0.0,90.0,90.00167846679688,0.001678466796875,8.132049560546875,1.45,1.4466666339586178,16,927.341680073148,231.835420018287,894.7613096146398
dq_M5,dy00,0.0,100.0,100.00457000732422,0.00457000732421875,8.132049560546875,1.45,1.4466666339586178,16,884.1813635733381,221.04534089333453,847.4236363326144
dq_M5,dy00,0.0,110.0,110.00169372558594,0.0016937255859375,8.132049560546875,1.45,1.4466666339586178,16,826.7183933397037,206.6795983349259,820.095621017339
dq_M5,dy00,0.0,120.0,120.00157928466797,0.00157928466796875,8.132049560546875,1.45,1.4466666339586178,16,781.8546490432287,195.46366226080718,389.58041035351243
dq_M5,dy00,0.0,130.0,130.00796508789062,0.007965087890625,8.132049560546875,1.45,1.4466666339586178,16,727.7793039266379,181.94482598165948,717.9494144040247
dq_M5,dy00,0.0,140.0,140.00938415527344,0.0093841552734375,8.132049560546875,1.45,1.4466666339586178,16,668.3992127129534,167.09980317823835,515.2628488711147
dq_M5,dy00,0.0,150.0,150.00335693359375,0.00335693359375,8.132049560546875,1.45,1.4466666339586178,16,676.0568428754638,169.01421071886594,668.8449419073419
dq_M5,dy00,0.0,160.0,160.00360107421875,0.00360107421875,8.132049560546875,1.45,1.4466666339586178,16,728.9690779761497,182.24226949403743,695.8896637423452
dq_M5,dy00,0.0,170.0,170.00840759277344,0.0084075927734375,8.132049560546875,1.45,1.4466666339586178,16,648.1296516300507,162.03241290751268,528.3470294740712
dq_M5,dy00,0.0,180.0,180.00643920898438,0.006439208984375,8.132049560546875,1.45,1.4466666339586178,16,729.4436017929471,182.36090044823678,719.9971840005753
dq_M5,dy00,0.0,190.0,190.00473022460938,0.004730224609375,8.132049560546875,1.45,1.4466666339586178,16,1157.992829205996,289.498207301499,721.9130941992822
dq_M5,dy00,0.0,200.0,200.0076446533203,0.0076446533203125,8.132049560546875,1.45,1.4466666339586178,16,806.7322647668659,201.68306619171648,785.409297279728
dq_M5,dy00,0.0,210.0,210.00909423828125,0.00909423828125,8.132049560546875,1.45,1.4466666339586178,16,1006.899061151054,251.7247652877635,682.669526726568
dq_M5,dy00,0.0,220.0,220.0034942626953,0.0034942626953125,8.132049560546875,1.45,1.4466666339586178,16,759.1947800881167,189.79869502202916,742.5317193485894
dq_M5,dy00,0.0,230.0,230.00086975097656,0.0008697509765625,8.132049560546875,1.45,1.4466666339586178,16,863.1379544641832,215.7844886160458,851.6970297886705
dq_M5,dy00,0.0,240.0,240.00914001464844,0.0091400146484375,8.132049560546875,1.45,1.4466666339586178,16,798.7573633604422,199.68934084011056,792.2180167703691
dq_M5,dy00,0.0,250.0,250.0065155029297,0.0065155029296875,8.132049560546875,1.45,1.4466666339586178,16,452.62589367201724,113.15647341800431,372.48987922464744
dq_M5,dy00,0.0,260.0,260.0009460449219,0.000946044921875,8.132049560546875,1.45,1.4466666339586178,16,970.1930720648563,242.54826801621408,897.3118671729887
dq_M5,dy00,0.0,270.0,270.0084228515625,0.0084228515625,8.132049560546875,1.45,1.4466666339586178,16,871.4525879584479,217.86314698961198,848.6936639272503
dq_M5,dy00,0.0,280.0,280.0022888183594,0.002288818359375,8.132049560546875,1.45,1.4466666339586178,16,877.5352642496259,219.38381606240648,872.3630469299839
dq_M5,dy00,0.0,290.0,290.0093994140625,0.0093994140625,8.132049560546875,1.45,1.4466666339586178,16,595.7115212051514,148.92788030128784,571.1853188044624
dq_M5,dy00,0.0,300.0,300.0,0.0,8.132049560546875,1.45,1.4466666339586178,16,837.0931987582006,209.27329968955016,829.663741622581
d_M5,dy01,0.1,0.0,0.0,0.0,8.132049560546875,1.55,1.5333332990606625,16,580.2683902891357,145.06709757228393,227.45762711864413
d_M5,dy01,0.1,10.0,10.01058292388916,0.010582923889160156,8.132049560546875,1.55,1.5333332990606625,16,462.54652847777186,115.63663211944296,165.2596820780814
d_M5,dy01,0.1,20.0,20.005002975463867,0.0050029754638671875,8.132049560546875,1.55,1.5333332990606625,16,516.1732398783811,129.04330996959527,388.22435577513033
d_M5,dy01,0.1,30.0,30.00124168395996,0.0012416839599609375,8.132049560546875,1.55,1.5333332990606625,16,1463.033092302241,365.7582730755602,872.0484281867183
d_M5,dy01,0.1,40.0,40.006187438964844,0.00618743896484375,8.132049560546875,1.55,1.5333332990606625,16,878.1941278890338,219.54853197225844,867.8425044406723
d_M5,dy01,0.1,50.0,50.00764846801758,0.007648468017578125,8.132049560546875,1.55,1.5333332990606625,16,661.6255008370753,165.40637520926882,654.682770235953
d_M5,dy01,0.1,60.0,60.00835418701172,0.00835418701171875,8.132049560546875,1.55,1.5333332990606625,16,791.398212386318,197.8495530965795,789.1038203473042
d_M5,dy01,0.1,70.0,70.00757598876953,0.00757598876953125,8.132049560546875,1.55,1.5333332990606625,16,620.5711414156203,155.14278535390508,618.9156259182906
d_M5,dy01,0.1,80.0,80.00468444824219,0.0046844482421875,8.132049560546875,1.55,1.5333332990606625,16,998.0673606744446,249.51684016861114,879.361115926154
d_M5,dy01,0.1,90.0,90.00244140625,0.00244140625,8.132049560546875,1.55,1.5333332990606625,16,808.0747474026134,202.01868685065335,797.5602539147526
d_M5,dy01,0.1,100.0,100.00980377197266,0.00980377197265625,8.132049560546875,1.55,1.5333332990606625,16,620.3572764468094,155.08931911170234,615.9467208858761
d_M5,dy01,0.1,110.0,110.0078125,0.0078125,8.132049560546875,1.55,1.5333332990606625,16,1047.2713194584264,261.8178298646066,882.5072634528457
d_M5,dy01,0.1,120.0,120.00165557861328,0.00165557861328125,8.132049560546875,1.55,1.5333332990606625,16,625.7226412436224,156.4306603109056,617.4750556387811
d_M5,dy01,0.1,130.0,130.00535583496094,0.0053558349609375,8.132049560546875,1.55,1.5333332990606625,16,706.0979050489163,176.5244762622291,703.4479870500601
d_M5,dy01,0.1,140.0,140.0108184814453,0.0108184814453125,8.132049560546875,1.55,1.5333332990606625,16,374.08193720051315,93.52048430012829,296.7470582245064
d_M5,dy01,0.1,150.0,150.00213623046875,0.00213623046875,8.132049560546875,1.55,1.5333332990606625,16,825.7688779741833,206.44221949354582,821.4924227127984
d_M5,dy01,0.1,160.0,160.00363159179688,0.003631591796875,8.132049560546875,1.55,1.5333332990606625,16,827.7458267139014,206.93645667847534,636.6738599534099
d_M5,dy01,0.1,170.0,170.0038299560547,0.0038299560546875,8.132049560546875,1.55,1.5333332990606625,16,821.959812879594,205.4899532198985,692.6542446826433
d_M5,dy01,0.1,180.0,180.00369262695312,0.003692626953125,8.132049560546875,1.55,1.5333332990606625,16,874.202464984291,218.55061624607276,847.9216106087972
d_M5,dy01,0.1,190.0,190.0024871826172,0.0024871826171875,8.132049560546875,1.55,1.5333332990606625,16,570.9861973949613,142.74654934874033,558.8608043591827
d_M5,dy01,0.1,200.0,200.00721740722656,0.0072174072265625,8.132049560546875,1.55,1.5333332990606625,16,731.2552092428268,182.8138023107067,704.2171114604268
d_M5,dy01,0.1,210.0,210.00442504882812,0.004425048828125,8.132049560546875,1.55,1.5333332990606625,16,756.4755747064387,189.11889367660967,723.8592813003359
d_M5,dy01,0.1,220.0,220.0050811767578,0.0050811767578125,8.132049560546875,1.55,1.5333332990606625,16,457.5983795887218,114.39959489718045,454.4865128247234
d_M5,dy01,0.1,230.0,230.00802612304688,0.008026123046875,8.132049560546875,1.55,1.5333332990606625,16,656.3310141381106,164.08275353452765,617.8626328347203
d_M5,dy01,0.1,240.0,240.00572204589844,0.0057220458984375,8.132049560546875,1.55,1.5333332990606625,16,383.7449825842445,95.93624564606112,373.719510898807
d_M5,dy01,0.1,250.0,250.005615234375,0.005615234375,8.132049560546875,1.55,1.5333332990606625,16,678.6584506078291,169.66461265195727,664.684841491685
d_M5,dy01,0.1,260.0,260.0086975097656,0.008697509765625,8.132049560546875,1.55,1.5333332990606625,16,787.0703630474684,196.7675907618671,773.9007487583801
d_M5,dy01,0.1,270.0,270.0089416503906,0.008941650390625,8.132049560546875,1.55,1.5333332990606625,16,738.7639549702417,184.69098874256042,571.173722946702
d_M5,dy01,0.1,280.0,280.01068115234375,0.01068115234375,8.132049560546875,1.55,1.5333332990606625,16,591.1507873707592,147.7876968426898,587.8466983013094
d_M5,dy01,0.1,290.0,290.0057678222656,0.005767822265625,8.132049560546875,1.55,1.5333332990606625,16,540.0346916310095,135.00867290775238,536.7827674258134
d_M5,dy01,0.1,300.0,300.0,0.0,8.132049560546875,1.55,1.5333332990606625,16,503.65666649867467,125.91416662466867,494.5007107541819
dq_M5,dy01,0.1,0.0,0.0,0.0,8.132049560546875,1.55,1.5333332990606625,16,580.2683902891357,145.06709757228393,227.45762711864413
dq_M5,dy01,0.1,10.0,10.006834983825684,0.006834983825683594,8.132049560546875,1.55,1.5333332990606625,16,451.5336869508795,112.88342173771987,212.4842636749643
dq_M5,dy01,0.1,20.0,20.000368118286133,0.0003681182861328125,8.132049560546875,1.55,1.5333332990606625,16,609.9082478681463,152.47706196703658,494.7561576848576
dq_M5,dy01,0.1,30.0,30.00543975830078,0.00543975830078125,8.132049560546875,1.55,1.5333332990606625,16,1549.4420830675067,387.3605207668767,893.3913166656389
dq_M5,dy01,0.1,40.0,40.00568771362305,0.005687713623046875,8.132049560546875,1.55,1.5333332990606625,16,920.808795614739,230.20219890368475,868.9359831906316
dq_M5,dy01,0.1,50.0,50.007999420166016,0.007999420166015625,8.132049560546875,1.55,1.5333332990606625,16,750.3291232928738,187.58228082321844,721.607628334529
dq_M5,dy01,0.1,60.0,60.002803802490234,0.002803802490234375,8.132049560546875,1.55,1.5333332990606625,16,861.8727678863337,215.46819197158342,855.5985158154601
dq_M5,dy01,0.1,70.0,70.00408172607422,0.00408172607421875,8.132049560546875,1.55,1.5333332990606625,16,721.836087169421,180.45902179235526,668.8161398181512
dq_M5,dy01,0.1,80.0,80.00511169433594,0.0051116943359375,8.132049560546875,1.55,1.5333332990606625,16,886.3480360445855,221.58700901114636,857.4163290483923
dq_M5,dy01,0.1,90.0,90.00167846679688,0.001678466796875,8.132049560546875,1.55,1.5333332990606625,16,824.4701594436983,206.11753986092458,795.9005630454193
dq_M5,dy01,0.1,100.0,100.00457000732422,0.00457000732421875,8.132049560546875,1.55,1.5333332990606625,16,713.2454004151261,178.31135010378154,687.7612830295567
dq_M5,dy01,0.1,110.0,110.00169372558594,0.0016937255859375,8.132049560546875,1.55,1.5333332990606625,16,698.5353299730734,174.63383249326836,692.6150941939537
dq_M5,dy01,0.1,120.0,120.00157928466797,0.00157928466796875,8.132049560546875,1.55,1.5333332990606625,16,782.8926696742665,195.72316741856662,388.9675152603479
dq_M5,dy01,0.1,130.0,130.00796508789062,0.007965087890625,8.132049560546875,1.55,1.5333332990606625,16,602.9581739733025,150.7395434933256,591.7671638951102
dq_M5,dy01,0.1,140.0,140.00938415527344,0.0093841552734375,8.132049560546875,1.55,1.5333332990606625,16,773.916802929644,193.479200732411,564.6637402621504
dq_M5,dy01,0.1,150.0,150.00335693359375,0.00335693359375,8.132049560546875,1.55,1.5333332990606625,16,615.5025490111484,153.8756372527871,609.9067177755913
dq_M5,dy01,0.1,160.0,160.00360107421875,0.00360107421875,8.132049560546875,1.55,1.5333332990606625,16,566.8102565354674,141.70256413386684,540.8388948850186
dq_M5,dy01,0.1,170.0,170.00840759277344,0.0084075927734375,8.132049560546875,1.55,1.5333332990606625,16,883.3599390001721,220.83998475004302,706.3789782394576
dq_M5,dy01,0.1,180.0,180.00643920898438,0.006439208984375,8.132049560546875,1.55,1.5333332990606625,16,628.7290509188621,157.18226272971552,621.2115093839674
dq_M5,dy01,0.1,190.0,190.00473022460938,0.004730224609375,8.132049560546875,1.55,1.5333332990606625,16,1105.3570085449728,276.3392521362432,722.3257478032447
dq_M5,dy01,0.1,200.0,200.0076446533203,0.0076446533203125,8.132049560546875,1.55,1.5333332990606625,16,605.2078534740498,151.30196336851245,586.5686439600958
dq_M5,dy01,0.1,210.0,210.00909423828125,0.00909423828125,8.132049560546875,1.55,1.5333332990606625,16,970.769914838228,242.692478709557,675.9130442884813
dq_M5,dy01,0.1,220.0,220.0034942626953,0.0034942626953125,8.132049560546875,1.55,1.5333332990606625,16,551.0739076635601,137.76847691589003,539.1681508280601
dq_M5,dy01,0.1,230.0,230.00086975097656,0.0008697509765625,8.132049560546875,1.55,1.5333332990606625,16,686.0343343601568,171.5085835900392,678.8047589226113
dq_M5,dy01,0.1,240.0,240.00914001464844,0.0091400146484375,8.132049560546875,1.55,1.5333332990606625,16,640.9923261201656,160.2480815300414,634.1953104097548
dq_M5,dy01,0.1,250.0,250.0065155029297,0.0065155029296875,8.132049560546875,1.55,1.5333332990606625,16,435.3168214937322,108.82920537343306,359.08382422679927
dq_M5,dy01,0.1,260.0,260.0009460449219,0.000946044921875,8.132049560546875,1.55,1.5333332990606625,16,735.2488574497723,183.8122143624431,718.3436839765978
dq_M5,dy01,0.1,270.0,270.0084228515625,0.0084228515625,8.132049560546875,1.55,1.5333332990606625,16,758.2669817538953,189.56674543847382,747.3519008787928
dq_M5,dy01,0.1,280.0,280.0022888183594,0.002288818359375,8.132049560546875,1.55,1.5333332990606625,16,726.767087301722,181.6917718254305,723.0474451054877
dq_M5,dy01,0.1,290.0,290.0093994140625,0.0093994140625,8.132049560546875,1.55,1.5333332990606625,16,615.0784367952331,153.76960919880827,600.3689635918703
dq_M5,dy01,0.1,300.0,300.0,0.0,8.132049560546875,1.55,1.5333332990606625,16,664.9554513058422,166.23886282646055,660.1508966697903
d_M5,dy02,0.2,0.0,0.0,0.0,8.132049560546875,1.65,1.6199999641627072,16,580.2683902891357,145.06709757228393,227.45762711864413
d_M5,dy02,0.2,10.0,10.01058292388916,0.010582923889160156,8.132049560546875,1.65,1.6199999641627072,16,509.48423430788006,127.37105857697001,174.90816937462756
d_M5,dy02,0.2,20.0,20.005002975463867,0.0050029754638671875,8.132049560546875,1.65,1.6199999641627072,16,553.1633010976175,138.29082527440437,405.1058237373843
d_M5,dy02,0.2,30.0,30.00124168395996,0.0012416839599609375,8.132049560546875,1.65,1.6199999641627072,16,1622.0517014615257,405.5129253653814,901.2174967599075
d_M5,dy02,0.2,40.0,40.006187438964844,0.00618743896484375,8.132049560546875,1.65,1.6199999641627072,16,768.3304545400381,192.08261363500952,759.1317961449021
d_M5,dy02,0.2,50.0,50.00764846801758,0.007648468017578125,8.132049560546875,1.65,1.6199999641627072,16,412.9725845138836,103.2431461284709,401.79318911851567
d_M5,dy02,0.2,60.0,60.00835418701172,0.00835418701171875,8.132049560546875,1.65,1.6199999641627072,16,609.827827502679,152.45695687566976,608.2405233177253
d_M5,dy02,0.2,70.0,70.00757598876953,0.00757598876953125,8.132049560546875,1.65,1.6199999641627072,16,604.4908590394849,151.12271475987123,602.9474271336313
d_M5,dy02,0.2,80.0,80.00468444824219,0.0046844482421875,8.132049560546875,1.65,1.6199999641627072,16,847.5249033873349,211.88122584683373,785.3168354517128
d_M5,dy02,0.2,90.0,90.00244140625,0.00244140625,8.132049560546875,1.65,1.6199999641627072,16,744.6517839498912,186.1629459874728,730.556186326175
d_M5,dy02,0.2,100.0,100.00980377197266,0.00980377197265625,8.132049560546875,1.65,1.6199999641627072,16,401.328970248903,100.33224256222574,397.2461360012928
d_M5,dy02,0.2,110.0,110.0078125,0.0078125,8.132049560546875,1.65,1.6199999641627072,16,891.3139327515058,222.82848318787646,728.1343537262651
d_M5,dy02,0.2,120.0,120.00165557861328,0.00165557861328125,8.132049560546875,1.65,1.6199999641627072,16,408.7494315305924,102.1873578826481,406.45106517330294
d_M5,dy02,0.2,130.0,130.00535583496094,0.0053558349609375,8.132049560546875,1.65,1.6199999641627072,16,579.5649709633573,144.89124274083932,575.4949109688805
d_M5,dy02,0.2,140.0,140.0108184814453,0.0108184814453125,8.132049560546875,1.65,1.6199999641627072,16,324.4487652493865,81.11219131234662,244.98185064999106
d_M5,dy02,0.2,150.0,150.00213623046875,0.00213623046875,8.132049560546875,1.65,1.6199999641627072,16,632.7176155453901,158.17940388634753,629.7049027498952
d_M5,dy02,0.2,160.0,160.00363159179688,0.003631591796875,8.132049560546875,1.65,1.6199999641627072,16,626.8935547460491,156.72338868651227,562.5748614543049
d_M5,dy02,0.2,170.0,170.0038299560547,0.0038299560546875,8.132049560546875,1.65,1.6199999641627072,16,495.5307507864845,123.88268769662112,448.2452053958423
d_M5,dy02,0.2,180.0,180.00369262695312,0.003692626953125,8.132049560546875,1.65,1.6199999641627072,16,642.283687102966,160.5709217757415,629.7289862064798
d_M5,dy02,0.2,190.0,190.0024871826172,0.0024871826171875,8.132049560546875,1.65,1.6199999641627072,16,388.358475059424,97.089618764856,382.13176237504433
d_M5,dy02,0.2,200.0,200.00721740722656,0.0072174072265625,8.132049560546875,1.65,1.6199999641627072,16,518.6851365595861,129.67128413989653,502.6756681712841
d_M5,dy02,0.2,210.0,210.00442504882812,0.004425048828125,8.132049560546875,1.65,1.6199999641627072,16,521.8863207078551,130.47158017696378,485.8986840426354
d_M5,dy02,0.2,220.0,220.0050811767578,0.0050811767578125,8.132049560546875,1.65,1.6199999641627072,16,354.8145746691636,88.7036436672909,351.95662567868476
d_M5,dy02,0.2,230.0,230.00802612304688,0.008026123046875,8.132049560546875,1.65,1.6199999641627072,16,546.8869312810589,136.72173282026472,517.4480123809963
d_M5,dy02,0.2,240.0,240.00572204589844,0.0057220458984375,8.132049560546875,1.65,1.6199999641627072,16,327.74352888562976,81.93588222140744,315.6399933987934
d_M5,dy02,0.2,250.0,250.005615234375,0.005615234375,8.132049560546875,1.65,1.6199999641627072,16,469.0949784940726,117.27374462351816,463.0631151272411
d_M5,dy02,0.2,260.0,260.0086975097656,0.008697509765625,8.132049560546875,1.65,1.6199999641627072,16,562.7927775367714,140.69819438419285,552.6033015626473
d_M5,dy02,0.2,270.0,270.0089416503906,0.008941650390625,8.132049560546875,1.65,1.6199999641627072,16,631.7014369096676,157.9253592274169,522.091511439635
d_M5,dy02,0.2,280.0,280.01068115234375,0.01068115234375,8.132049560546875,1.65,1.6199999641627072,16,360.03919652612865,90.00979913153216,355.26308402014297
d_M5,dy02,0.2,290.0,290.0057678222656,0.005767822265625,8.132049560546875,1.65,1.6199999641627072,16,377.7579304390389,94.43948260975972,372.8035839993963
d_M5,dy02,0.2,300.0,300.0,0.0,8.132049560546875,1.65,1.6199999641627072,16,339.53084768924055,84.88271192231014,326.7537524575613
dq_M5,dy02,0.2,0.0,0.0,0.0,8.132049560546875,1.65,1.6199999641627072,16,580.2683902891357,145.06709757228393,227.45762711864413
dq_M5,dy02,0.2,10.0,10.006834983825684,0.006834983825683594,8.132049560546875,1.65,1.6199999641627072,16,501.51791626763054,125.37947906690763,212.64492554462007
dq_M5,dy02,0.2,20.0,20.000368118286133,0.0003681182861328125,8.132049560546875,1.65,1.6199999641627072,16,641.7044015650755,160.42610039126888,498.85151877490716
dq_M5,dy02,0.2,30.0,30.00543975830078,0.00543975830078125,8.132049560546875,1.65,1.6199999641627072,16,1332.4159211262374,333.10398028155936,885.9765173223641
dq_M5,dy02,0.2,40.0,40.00568771362305,0.005687713623046875,8.132049560546875,1.65,1.6199999641627072,16,689.7202754970934,172.43006887427336,661.7499518464218
dq_M5,dy02,0.2,50.0,50.007999420166016,0.007999420166015625,8.132049560546875,1.65,1.6199999641627072,16,553.642901106491,138.41072527662274,540.6010193480453
dq_M5,dy02,0.2,60.0,60.002803802490234,0.002803802490234375,8.132049560546875,1.65,1.6199999641627072,16,695.4111512804038,173.85278782010096,689.0956216337842
dq_M5,dy02,0.2,70.0,70.00408172607422,0.00408172607421875,8.132049560546875,1.65,1.6199999641627072,16,431.3100065298346,107.82750163245865,405.2589381359446
dq_M5,dy02,0.2,80.0,80.00511169433594,0.0051116943359375,8.132049560546875,1.65,1.6199999641627072,16,660.4487051327569,165.11217628318923,652.4705337230362
dq_M5,dy02,0.2,90.0,90.00167846679688,0.001678466796875,8.132049560546875,1.65,1.6199999641627072,16,571.5154204685119,142.87885511712798,545.9913889555247
dq_M5,dy02,0.2,100.0,100.00457000732422,0.00457000732421875,8.132049560546875,1.65,1.6199999641627072,16,467.8284167058883,116.95710417647207,458.0118518383839
dq_M5,dy02,0.2,110.0,110.00169372558594,0.0016937255859375,8.132049560546875,1.65,1.6199999641627072,16,466.68897709062986,116.67224427265747,459.2335876223933
dq_M5,dy02,0.2,120.0,120.00157928466797,0.00157928466796875,8.132049560546875,1.65,1.6199999641627072,16,702.6573943387169,175.66434858467923,416.16072727661276
dq_M5,dy02,0.2,130.0,130.00796508789062,0.007965087890625,8.132049560546875,1.65,1.6199999641627072,16,440.9074885430518,110.22687213576295,425.2933241696044
dq_M5,dy02,0.2,140.0,140.00938415527344,0.0093841552734375,8.132049560546875,1.65,1.6199999641627072,16,890.7084652816338,222.67711632040846,687.1157634691709
dq_M5,dy02,0.2,150.0,150.00335693359375,0.00335693359375,8.132049560546875,1.65,1.6199999641627072,16,480.9494408445701,120.23736021114253,475.1140167895286
dq_M5,dy02,0.2,160.0,160.00360107421875,0.00360107421875,8.132049560546875,1.65,1.6199999641627072,16,439.1769311749577,109.79423279373943,411.0034565709708
dq_M5,dy02,0.2,170.0,170.00840759277344,0.0084075927734375,8.132049560546875,1.65,1.6199999641627072,16,803.1895518948953,200.79738797372383,671.6067933985328
dq_M5,dy02,0.2,180.0,180.00643920898438,0.006439208984375,8.132049560546875,1.65,1.6199999641627072,16,506.168050203073,126.54201255076825,499.2391352674538
dq_M5,dy02,0.2,190.0,190.00473022460938,0.004730224609375,8.132049560546875,1.65,1.6199999641627072,16,858.1380391434564,214.5345097858641,726.2976823872748
dq_M5,dy02,0.2,200.0,200.0076446533203,0.0076446533203125,8.132049560546875,1.65,1.6199999641627072,16,411.63939690518123,102.90984922629531,390.38991220517187
dq_M5,dy02,0.2,210.0,210.00909423828125,0.00909423828125,8.132049560546875,1.65,1.6199999641627072,16,943.1817815531277,235.79544538828193,766.9100482799848
dq_M5,dy02,0.2,220.0,220.0034942626953,0.0034942626953125,8.132049560546875,1.65,1.6199999641627072,16,347.9717435789012,86.9929358947253,337.56717274641244
dq_M5,dy02,0.2,230.0,230.00086975097656,0.0008697509765625,8.132049560546875,1.65,1.6199999641627072,16,465.3204451541096,116.3301112885274,458.6276633690204
dq_M5,dy02,0.2,240.0,240.00914001464844,0.0091400146484375,8.132049560546875,1.65,1.6199999641627072,16,430.57556242629965,107.64389060657491,424.69124825581434
dq_M5,dy02,0.2,250.0,250.0065155029297,0.0065155029296875,8.132049560546875,1.65,1.6199999641627072,16,424.3463008120833,106.08657520302083,358.3508063131013
dq_M5,dy02,0.2,260.0,260.0009460449219,0.000946044921875,8.132049560546875,1.65,1.6199999641627072,16,491.9594758899013,122.98986897247532,479.93317230699336
dq_M5,dy02,0.2,270.0,270.0084228515625,0.0084228515625,8.132049560546875,1.65,1.6199999641627072,16,562.0866715956228,140.5216678989057,553.8532873135529
dq_M5,dy02,0.2,280.0,280.0022888183594,0.002288818359375,8.132049560546875,1.65,1.6199999641627072,16,505.2506700579141,126.31266751447852,501.8360045791529
dq_M5,dy02,0.2,290.0,290.0093994140625,0.0093994140625,8.132049560546875,1.65,1.6199999641627072,16,650.5277710537712,162.6319427634428,637.7901200931531
dq_M5,dy02,0.2,300.0,300.0,0.0,8.132049560546875,1.65,1.6199999641627072,16,437.21458208202563,109.30364552050641,433.072324003065
d_M5,dy03,0.3,0.0,0.0,0.0,8.132049560546875,1.75,1.7933332943667968,16,580.2683902891357,145.06709757228393,227.45762711864413
d_M5,dy03,0.3,10.0,10.01058292388916,0.010582923889160156,8.132049560546875,1.75,1.7933332943667968,16,544.1874468317758,136.04686170794395,187.06763949016698
d_M5,dy03,0.3,20.0,20.005002975463867,0.0050029754638671875,8.132049560546875,1.75,1.7933332943667968,16,464.03638017897566,116.00909504474392,222.43415272758986
d_M5,dy03,0.3,30.0,30.00124168395996,0.0012416839599609375,8.132049560546875,1.75,1.7933332943667968,16,506.91689126670013,126.72922281667503,325.64741510799104
d_M5,dy03,0.3,40.0,40.006187438964844,0.00618743896484375,8.132049560546875,1.75,1.7933332943667968,16,212.1490089233687,53.03725223084218,174.837302819742
d_M5,dy03,0.3,50.0,50.00764846801758,0.007648468017578125,8.132049560546875,1.75,1.7933332943667968,16,170.87915669643266,42.719789174108165,138.67703439797992
d_M5,dy03,0.3,60.0,60.00835418701172,0.00835418701171875,8.132049560546875,1.75,1.7933332943667968,16,158.2866197359453,39.57165493398632,150.9417622754212
d_M5,dy03,0.3,70.0,70.00757598876953,0.00757598876953125,8.132049560546875,1.75,1.7933332943667968,16,194.65979998406254,48.664949996015636,190.6540491951295
d_M5,dy03,0.3,80.0,80.00468444824219,0.0046844482421875,8.132049560546875,1.75,1.7933332943667968,16,338.89364251834087,84.72341062958522,327.53473146260126
d_M5,dy03,0.3,90.0,90.00244140625,0.00244140625,8.132049560546875,1.75,1.7933332943667968,16,367.059091926838,91.7647729817095,361.41265563043714
d_M5,dy03,0.3,100.0,100.00980377197266,0.00980377197265625,8.132049560546875,1.75,1.7933332943667968,16,99.79619949060228,24.94904987265057,78.48037898814508
d_M5,dy03,0.3,110.0,110.0078125,0.0078125,8.132049560546875,1.75,1.7933332943667968,16,240.3413278691874,60.08533196729685,221.5753422106727
d_M5,dy03,0.3,120.0,120.00165557861328,0.00165557861328125,8.132049560546875,1.75,1.7933332943667968,16,100.4810186138342,25.12025465345855,89.59260018098263
d_M5,dy03,0.3,130.0,130.00535583496094,0.0053558349609375,8.132049560546875,1.75,1.7933332943667968,16,107.01852677452068,26.75463169363017,92.14582367687345
d_M5,dy03,0.3,140.0,140.0108184814453,0.0108184814453125,8.132049560546875,1.75,1.7933332943667968,16,294.770822863346,73.6927057158365,260.9837344957665
d_M5,dy03,0.3,150.0,150.00213623046875,0.00213623046875,8.132049560546875,1.75,1.7933332943667968,16,176.81650925544713,44.20412731386178,168.43418951944597
d_M5,dy03,0.3,160.0,160.00363159179688,0.003631591796875,8.132049560546875,1.75,1.7933332943667968,16,107.99255574886905,26.998138937217263,103.24373103616296
d_M5,dy03,0.3,170.0,170.0038299560547,0.0038299560546875,8.132049560546875,1.75,1.7933332943667968,16,125.25647077094865,31.314117692737163,112.47143247882036
d_M5,dy03,0.3,180.0,180.00369262695312,0.003692626953125,8.132049560546875,1.75,1.7933332943667968,16,203.28561191222394,50.821402978055985,191.95071845124372
d_M5,dy03,0.3,190.0,190.0024871826172,0.0024871826171875,8.132049560546875,1.75,1.7933332943667968,16,118.18466315862082,29.546165789655205,87.76598695250598
d_M5,dy03,0.3,200.0,200.00721740722656,0.0072174072265625,8.132049560546875,1.75,1.7933332943667968,16,130.83878310358355,32.70969577589589,125.21070058666305
d_M5,dy03,0.3,210.0,210.00442504882812,0.004425048828125,8.132049560546875,1.75,1.7933332943667968,16,97.67460380501197,24.418650951252992,88.44404766436156
d_M5,dy03,0.3,220.0,220.0050811767578,0.0050811767578125,8.132049560546875,1.75,1.7933332943667968,16,133.88518622105497,33.47129655526374,126.20940433534966
d_M5,dy03,0.3,230.0,230.00802612304688,0.008026123046875,8.132049560546875,1.75,1.7933332943667968,16,136.28120278521794,34.070300696304486,120.13801094304941
d_M5,dy03,0.3,240.0,240.00572204589844,0.0057220458984375,8.132049560546875,1.75,1.7933332943667968,16,125.10073079687294,31.275182699218234,90.19523031616919
d_M5,dy03,0.3,250.0,250.005615234375,0.005615234375,8.132049560546875,1.75,1.7933332943667968,16,100.39041981605135,25.097604954012837,87.32655868370847
d_M5,dy03,0.3,260.0,260.0086975097656,0.008697509765625,8.132049560546875,1.75,1.7933332943667968,16,166.640783157317,41.66019578932925,150.80451293265094
d_M5,dy03,0.3,270.0,270.0089416503906,0.008941650390625,8.132049560546875,1.75,1.7933332943667968,16,218.01042352440544,54.50260588110136,178.31882132624762
d_M5,dy03,0.3,280.0,280.01068115234375,0.01068115234375,8.132049560546875,1.75,1.7933332943667968,16,76.06769360540562,19.016923401351406,47.15432475320087
d_M5,dy03,0.3,290.0,290.0057678222656,0.005767822265625,8.132049560546875,1.75,1.7933332943667968,16,102.81060357573,25.7026508939325,78.34551476203345
d_M5,dy03,0.3,300.0,300.0,0.0,8.132049560546875,1.75,1.7933332943667968,16,114.49208927626685,28.623022319066713,63.78165887850797
dq_M5,dy03,0.3,0.0,0.0,0.0,8.132049560546875,1.75,1.7933332943667968,16,580.2683902891357,145.06709757228393,227.45762711864413
dq_M5,dy03,0.3,10.0,10.006834983825684,0.006834983825683594,8.132049560546875,1.75,1.7933332943667968,16,532.1988519902065,133.04971299755164,178.14861900147136
dq_M5,dy03,0.3,20.0,20.000368118286133,0.0003681182861328125,8.132049560546875,1.75,1.7933332943667968,16,607.9256052539677,151.98140131349192,374.7676578731639
dq_M5,dy03,0.3,30.0,30.00543975830078,0.00543975830078125,8.132049560546875,1.75,1.7933332943667968,16,503.0503613350881,125.76259033377202,473.3894582606258
dq_M5,dy03,0.3,40.0,40.00568771362305,0.005687713623046875,8.132049560546875,1.75,1.7933332943667968,16,208.08050013317737,52.02012503329434,177.00163469210503
dq_M5,dy03,0.3,50.0,50.007999420166016,0.007999420166015625,8.132049560546875,1.75,1.7933332943667968,16,297.61242945129743,74.40310736282436,276.4492230722017
dq_M5,dy03,0.3,60.0,60.002803802490234,0.002803802490234375,8.132049560546875,1.75,1.7933332943667968,16,159.01702353731585,39.75425588432896,134.8225019927475
dq_M5,dy03,0.3,70.0,70.00408172607422,0.00408172607421875,8.132049560546875,1.75,1.7933332943667968,16,141.39397666113717,35.34849416528429,102.85244130811475
dq_M5,dy03,0.3,80.0,80.00511169433594,0.0051116943359375,8.132049560546875,1.75,1.7933332943667968,16,181.292606937493,45.32315173437325,176.01632553678058
dq_M5,dy03,0.3,90.0,90.00167846679688,0.001678466796875,8.132049560546875,1.75,1.7933332943667968,16,171.69163957635828,42.92290989408957,106.29923856942037
dq_M5,dy03,0.3,100.0,100.00457000732422,0.00457000732421875,8.132049560546875,1.75,1.7933332943667968,16,158.38379787937833,39.595949469844584,128.25565537770882
dq_M5,dy03,0.3,110.0,110.00169372558594,0.0016937255859375,8.132049560546875,1.75,1.7933332943667968,16,103.86150882780002,25.965377206950006,83.7018637461205
dq_M5,dy03,0.3,120.0,120.00157928466797,0.00157928466796875,8.132049560546875,1.75,1.7933332943667968,16,515.1182512043392,128.7795628010848,438.3611382102922
dq_M5,dy03,0.3,130.0,130.00796508789062,0.007965087890625,8.132049560546875,1.75,1.7933332943667968,16,167.99927977277562,41.999819943193906,108.39175048360474
dq_M5,dy03,0.3,140.0,140.00938415527344,0.0093841552734375,8.132049560546875,1.75,1.7933332943667968,16,456.4482097385394,114.11205243463485,409.9654820966754
dq_M5,dy03,0.3,150.0,150.00335693359375,0.00335693359375,8.132049560546875,1.75,1.7933332943667968,16,131.44252273681332,32.86063068420333,112.5577875637305
dq_M5,dy03,0.3,160.0,160.00360107421875,0.00360107421875,8.132049560546875,1.75,1.7933332943667968,16,154.89156014984695,38.72289003746174,109.74020748700843
dq_M5,dy03,0.3,170.0,170.00840759277344,0.0084075927734375,8.132049560546875,1.75,1.7933332943667968,16,236.11264027558335,59.028160068895836,207.41851967128932
dq_M5,dy03,0.3,180.0,180.00643920898438,0.006439208984375,8.132049560546875,1.75,1.7933332943667968,16,140.0010678310171,35.00026695775428,123.82343060360836
dq_M5,dy03,0.3,190.0,190.00473022460938,0.004730224609375,8.132049560546875,1.75,1.7933332943667968,16,476.3554910941965,119.08887277354913,451.00846312597946
dq_M5,dy03,0.3,200.0,200.0076446533203,0.0076446533203125,8.132049560546875,1.75,1.7933332943667968,16,142.87823841507046,35.719559603767614,93.29104413027437
dq_M5,dy03,0.3,210.0,210.00909423828125,0.00909423828125,8.132049560546875,1.75,1.7933332943667968,16,264.47089797190563,66.11772449297641,249.0970202769927
dq_M5,dy03,0.3,220.0,220.0034942626953,0.0034942626953125,8.132049560546875,1.75,1.7933332943667968,16,99.54934585400295,24.887336463500738,66.97936176152137
dq_M5,dy03,0.3,230.0,230.00086975097656,0.0008697509765625,8.132049560546875,1.75,1.7933332943667968,16,117.37946206472333,29.344865516180832,97.03635681945926
dq_M5,dy03,0.3,240.0,240.00914001464844,0.0091400146484375,8.132049560546875,1.75,1.7933332943667968,16,104.88123222987522,26.220308057468806,93.41586890219534
dq_M5,dy03,0.3,250.0,250.0065155029297,0.0065155029296875,8.132049560546875,1.75,1.7933332943667968,16,435.6951159488888,108.9237789872222,395.62271079193386
dq_M5,dy03,0.3,260.0,260.0009460449219,0.000946044921875,8.132049560546875,1.75,1.7933332943667968,16,144.94253028911982,36.235632572279954,110.58816003810509
dq_M5,dy03,0.3,270.0,270.0084228515625,0.0084228515625,8.132049560546875,1.75,1.7933332943667968,16,179.31651930936602,44.829129827341504,159.48558281091846
dq_M5,dy03,0.3,280.0,280.0022888183594,0.002288818359375,8.132049560546875,1.75,1.7933332943667968,16,106.208627640618,26.5521569101545,96.09393891741288
dq_M5,dy03,0.3,290.0,290.0093994140625,0.0093994140625,8.132049560546875,1.75,1.7933332943667968,16,176.66754733708026,44.166886834270066,151.96076267048463
dq_M5,dy03,0.3,300.0,300.0,0.0,8.132049560546875,1.75,1.7933332943667968,16,124.89671445918705,31.224178614796763,101.5418660642377
d_M5,dy04,0.4,0.0,0.0,0.0,8.132049560546875,1.85,1.8799999594688415,16,580.2683902891357,145.06709757228393,227.45762711864413
d_M5,dy04,0.4,10.0,10.01058292388916,0.010582923889160156,8.132049560546875,1.85,1.8799999594688415,16,548.4361338885393,137.10903347213483,189.5477718196503
d_M5,dy04,0.4,20.0,20.005002975463867,0.0050029754638671875,8.132049560546875,1.85,1.8799999594688415,16,443.5723422045936,110.8930855511484,156.70535855529087
d_M5,dy04,0.4,30.0,30.00124168395996,0.0012416839599609375,8.132049560546875,1.85,1.8799999594688415,16,201.935877200079,50.48396930001975,85.17682992595516
d_M5,dy04,0.4,40.0,40.006187438964844,0.00618743896484375,8.132049560546875,1.85,1.8799999594688415,16,131.60834680373247,32.90208670093312,45.075103548969736
d_M5,dy04,0.4,50.0,50.00764846801758,0.007648468017578125,8.132049560546875,1.85,1.8799999594688415,16,106.18130084025715,26.545325210064288,43.218234898071444
d_M5,dy04,0.4,60.0,60.00835418701172,0.00835418701171875,8.132049560546875,1.85,1.8799999594688415,16,60.043891307976125,15.010972826994031,34.361524995086846
d_M5,dy04,0.4,70.0,70.00757598876953,0.00757598876953125,8.132049560546875,1.85,1.8799999594688415,16,52.15996891009276,13.03999222752319,27.373326371766183
d_M5,dy04,0.4,80.0,80.00468444824219,0.0046844482421875,8.132049560546875,1.85,1.8799999594688415,16,131.38653961570762,32.846634903926905,113.63955789446027
d_M5,dy04,0.4,90.0,90.00244140625,0.00244140625,8.132049560546875,1.85,1.8799999594688415,16,132.52705313960672,33.13176328490168,122.66333988102011
d_M5,dy04,0.4,100.0,100.00980377197266,0.00980377197265625,8.132049560546875,1.85,1.8799999594688415,16,66.42257847952429,16.605644619881073,35.69730117422315
d_M5,dy04,0.4,110.0,110.0078125,0.0078125,8.132049560546875,1.85,1.8799999594688415,16,103.54600355545756,25.88650088886439,91.16283399919803
d_M5,dy04,0.4,120.0,120.00165557861328,0.00165557861328125,8.132049560546875,1.85,1.8799999594688415,16,55.8772103196648,13.9693025799162,36.35498124462069
d_M5,dy04,0.4,130.0,130.00535583496094,0.0053558349609375,8.132049560546875,1.85,1.8799999594688415,16,65.06052998837161,16.265132497092903,36.86615067821444
d_M5,dy04,0.4,140.0,140.0108184814453,0.0108184814453125,8.132049560546875,1.85,1.8799999594688415,16,244.21056883958087,61.05264220989522,214.36536258850734
d_M5,dy04,0.4,150.0,150.00213623046875,0.00213623046875,8.132049560546875,1.85,1.8799999594688415,16,68.38392676464467,17.095981691161168,32.219163856125505
d_M5,dy04,0.4,160.0,160.00363159179688,0.003631591796875,8.132049560546875,1.85,1.8799999594688415,16,38.040523983864105,9.510130995966026,19.085756971023997
d_M5,dy04,0.4,170.0,170.0038299560547,0.0038299560546875,8.132049560546875,1.85,1.8799999594688415,16,55.036268259961155,13.759067064990289,25.62073599215529
d_M5,dy04,0.4,180.0,180.00369262695312,0.003692626953125,8.132049560546875,1.85,1.8799999594688415,16,87.7607361454108,21.9401840363527,50.41611246534586
d_M5,dy04,0.4,190.0,190.0024871826172,0.0024871826171875,8.132049560546875,1.85,1.8799999594688415,16,89.48776682305422,22.371941705763554,44.91662675243319
d_M5,dy04,0.4,200.0,200.00721740722656,0.0072174072265625,8.132049560546875,1.85,1.8799999594688415,16,45.241841555752536,11.310460388938134,25.54982353690498
d_M5,dy04,0.4,210.0,210.00442504882812,0.004425048828125,8.132049560546875,1.85,1.8799999594688415,16,55.880845865658905,13.970211466414726,26.42128068309725
d_M5,dy04,0.4,220.0,220.0050811767578,0.0050811767578125,8.132049560546875,1.85,1.8799999594688415,16,48.54988727017437,12.137471817543592,19.140325106516038
d_M5,dy04,0.4,230.0,230.00802612304688,0.008026123046875,8.132049560546875,1.85,1.8799999594688415,16,73.73057222382168,18.43264305595542,37.06517343408193
d_M5,dy04,0.4,240.0,240.00572204589844,0.0057220458984375,8.132049560546875,1.85,1.8799999594688415,16,87.53762825175471,21.884407062938678,47.656357587394126
d_M5,dy04,0.4,250.0,250.005615234375,0.005615234375,8.132049560546875,1.85,1.8799999594688415,16,56.88426941691738,14.221067354229344,29.692823459190357
d_M5,dy04,0.4,260.0,260.0086975097656,0.008697509765625,8.132049560546875,1.85,1.8799999594688415,16,83.71705756093678,20.929264390234195,36.732371709118155
d_M5,dy04,0.4,270.0,270.0089416503906,0.008941650390625,8.132049560546875,1.85,1.8799999594688415,16,55.56934526156696,13.89233631539174,26.496644200984193
d_M5,dy04,0.4,280.0,280.01068115234375,0.01068115234375,8.132049560546875,1.85,1.8799999594688415,16,61.955886647296474,15.488971661824118,22.668990072086928
d_M5,dy04,0.4,290.0,290.0057678222656,0.005767822265625,8.132049560546875,1.85,1.8799999594688415,16,72.01893546879278,18.004733867198194,45.122971356925376
d_M5,dy04,0.4,300.0,300.0,0.0,8.132049560546875,1.85,1.8799999594688415,16,98.95212759394563,24.73803189848641,48.330444118056036
dq_M5,dy04,0.4,0.0,0.0,0.0,8.132049560546875,1.85,1.8799999594688415,16,580.2683902891357,145.06709757228393,227.45762711864413
dq_M5,dy04,0.4,10.0,10.006834983825684,0.006834983825683594,8.132049560546875,1.85,1.8799999594688415,16,539.7484418453605,134.93711046134013,182.07642838261313
dq_M5,dy04,0.4,20.0,20.000368118286133,0.0003681182861328125,8.132049560546875,1.85,1.8799999594688415,16,458.00170642044685,114.50042660511171,162.47532995731945
dq_M5,dy04,0.4,30.0,30.00543975830078,0.00543975830078125,8.132049560546875,1.85,1.8799999594688415,16,237.47091607853838,59.367729019634595,125.51701667808672
dq_M5,dy04,0.4,40.0,40.00568771362305,0.005687713623046875,8.132049560546875,1.85,1.8799999594688415,16,103.21362915795629,25.803407289489073,42.932691936789624
dq_M5,dy04,0.4,50.0,50.007999420166016,0.007999420166015625,8.132049560546875,1.85,1.8799999594688415,16,133.3591220580685,33.33978051451712,93.72108381885587
dq_M5,dy04,0.4,60.0,60.002803802490234,0.002803802490234375,8.132049560546875,1.85,1.8799999594688415,16,87.75208954130774,21.938022385326935,61.56864094872586
dq_M5,dy04,0.4,70.0,70.00408172607422,0.00408172607421875,8.132049560546875,1.85,1.8799999594688415,16,99.53061190812456,24.88265297703114,34.047079496824296
dq_M5,dy04,0.4,80.0,80.00511169433594,0.0051116943359375,8.132049560546875,1.85,1.8799999594688415,16,62.20022040380205,15.550055100950512,37.53566832815879
dq_M5,dy04,0.4,90.0,90.00167846679688,0.001678466796875,8.132049560546875,1.85,1.8799999594688415,16,131.95422262734098,32.988555656835246,56.361427284100785
dq_M5,dy04,0.4,100.0,100.00457000732422,0.00457000732421875,8.132049560546875,1.85,1.8799999594688415,16,101.63663246929912,25.40915811732478,45.896532638404565
dq_M5,dy04,0.4,110.0,110.00169372558594,0.0016937255859375,8.132049560546875,1.85,1.8799999594688415,16,66.28718975101314,16.571797437753286,30.149927584344987
dq_M5,dy04,0.4,120.0,120.00157928466797,0.00157928466796875,8.132049560546875,1.85,1.8799999594688415,16,329.3407570322534,82.33518925806335,245.2935366235312
dq_M5,dy04,0.4,130.0,130.00796508789062,0.007965087890625,8.132049560546875,1.85,1.8799999594688415,16,127.74714213399193,31.936785533497982,71.50099285932598
dq_M5,dy04,0.4,140.0,140.00938415527344,0.0093841552734375,8.132049560546875,1.85,1.8799999594688415,16,138.42687238931978,34.606718097329946,87.89480517661735
dq_M5,dy04,0.4,150.0,150.00335693359375,0.00335693359375,8.132049560546875,1.85,1.8799999594688415,16,72.40788042964572,18.10197010741143,37.24918040427693
dq_M5,dy04,0.4,160.0,160.00360107421875,0.00360107421875,8.132049560546875,1.85,1.8799999594688415,16,96.83122773068747,24.20780693267187,49.01621310993775
dq_M5,dy04,0.4,170.0,170.00840759277344,0.0084075927734375,8.132049560546875,1.85,1.8799999594688415,16,125.76732159369523,31.441830398423807,67.15072758667756
dq_M5,dy04,0.4,180.0,180.00643920898438,0.006439208984375,8.132049560546875,1.85,1.8799999594688415,16,68.74427295037822,17.186068237594554,30.680153968302662
dq_M5,dy04,0.4,190.0,190.00473022460938,0.004730224609375,8.132049560546875,1.85,1.8799999594688415,16,203.47116028691855,50.86779007172964,179.71588799038423
dq_M5,dy04,0.4,200.0,200.0076446533203,0.0076446533203125,8.132049560546875,1.85,1.8799999594688415,16,102.38074725406739,25.595186813516847,60.4245626583768
dq_M5,dy04,0.4,210.0,210.00909423828125,0.00909423828125,8.132049560546875,1.85,1.8799999594688415,16,119.59465745669398,29.898664364173495,109.33093603243537
dq_M5,dy04,0.4,220.0,220.0034942626953,0.0034942626953125,8.132049560546875,1.85,1.8799999594688415,16,72.04869619557869,18.01217404889467,38.17700281402253
dq_M5,dy04,0.4,230.0,230.00086975097656,0.0008697509765625,8.132049560546875,1.85,1.8799999594688415,16,61.27131106938548,15.31782776734637,25.2506293090225
dq_M5,dy04,0.4,240.0,240.00914001464844,0.0091400146484375,8.132049560546875,1.85,1.8799999594688415,16,43.95428253628944,10.98857063407236,19.927226034482842
dq_M5,dy04,0.4,250.0,250.0065155029297,0.0065155029296875,8.132049560546875,1.85,1.8799999594688415,16,457.8151947758195,114.45379869395488,395.9043197188987
dq_M5,dy04,0.4,260.0,260.0009460449219,0.000946044921875,8.132049560546875,1.85,1.8799999594688415,16,91.34565523949504,22.83641380987376,55.0644981254965
dq_M5,dy04,0.4,270.0,270.0084228515625,0.0084228515625,8.132049560546875,1.85,1.8799999594688415,16,102.56965957546869,25.642414893867173,57.12940673261279
dq_M5,dy04,0.4,280.0,280.0022888183594,0.002288818359375,8.132049560546875,1.85,1.8799999594688415,16,41.816253589989856,10.454063397497464,21.310613470562416
dq_M5,dy04,0.4,290.0,290.0093994140625,0.0093994140625,8.132049560546875,1.85,1.8799999594688415,16,81.94927621834843,20.487319054587108,37.732680498543374
dq_M5,dy04,0.4,300.0,300.0,0.0,8.132049560546875,1.85,1.8799999594688415,16,78.3930654385116,19.5982663596279,51.11376662616365
d_M5,dy05,0.5,0.0,0.0,0.0,8.132049560546875,1.95,1.9666666245708861,16,580.2683902891357,145.06709757228393,227.45762711864413
d_M5,dy05,0.5,10.0,10.01058292388916,0.010582923889160156,8.132049560546875,1.95,1.9666666245708861,16,555.7638034827055,138.94095087067637,193.47296220165194
d_M5,dy05,0.5,20.0,20.005002975463867,0.0050029754638671875,8.132049560546875,1.95,1.9666666245708861,16,476.66606071405806,119.16651517851452,172.4088123707697
d_M5,dy05,0.5,30.0,30.00124168395996,0.0012416839599609375,8.132049560546875,1.95,1.9666666245708861,16,220.10886635857696,55.02721658964424,84.65441674081252
d_M5,dy05,0.5,40.0,40.006187438964844,0.00618743896484375,8.132049560546875,1.95,1.9666666245708861,16,136.92045568885518,34.230113922213796,49.742693427878365
d_M5,dy05,0.5,50.0,50.00764846801758,0.007648468017578125,8.132049560546875,1.95,1.9666666245708861,16,115.43201519897019,28.858003799742548,51.01732098765626
d_M5,dy05,0.5,60.0,60.00835418701172,0.00835418701171875,8.132049560546875,1.95,1.9666666245708861,16,64.50118178680498,16.125295446701244,38.70963830640095
d_M5,dy05,0.5,70.0,70.00757598876953,0.00757598876953125,8.132049560546875,1.95,1.9666666245708861,16,57.88127633535863,14.470319083839657,34.3466445952965
d_M5,dy05,0.5,80.0,80.00468444824219,0.0046844482421875,8.132049560546875,1.95,1.9666666245708861,16,70.22941634383228,17.55735408595807,37.46624755992228
d_M5,dy05,0.5,90.0,90.00244140625,0.00244140625,8.132049560546875,1.95,1.9666666245708861,16,52.662721081095306,13.165680270273826,27.045330708337445
d_M5,dy05,0.5,100.0,100.00980377197266,0.00980377197265625,8.132049560546875,1.95,1.9666666245708861,16,71.74268480173897,17.935671200434744,37.71938811550844
d_M5,dy05,0.5,110.0,110.0078125,0.0078125,8.132049560546875,1.95,1.9666666245708861,16,65.84662610798446,16.461656526996116,40.039928686931574
d_M5,dy05,0.5,120.0,120.00165557861328,0.00165557861328125,8.132049560546875,1.95,1.9666666245708861,16,63.049874535926,15.7624686339815,36.041535199698814
d_M5,dy05,0.5,130.0,130.00535583496094,0.0053558349609375,8.132049560546875,1.95,1.9666666245708861,16,75.06217528229202,18.765543820573004,41.085480512198814
d_M5,dy05,0.5,140.0,140.0108184814453,0.0108184814453125,8.132049560546875,1.95,1.9666666245708861,16,118.89192439282454,29.722981098206134,82.37091945898845
d_M5,dy05,0.5,150.0,150.00213623046875,0.00213623046875,8.132049560546875,1.95,1.9666666245708861,16,67.56005476831706,16.890013692079265,33.821335973445116
d_M5,dy05,0.5,160.0,160.00363159179688,0.003631591796875,8.132049560546875,1.95,1.9666666245708861,16,48.1946254514168,12.0486563628542,25.15876233641385
d_M5,dy05,0.5,170.0,170.0038299560547,0.0038299560546875,8.132049560546875,1.95,1.9666666245708861,16,50.67490182904053,12.668725457260132,27.138477453865534
d_M5,dy05,0.5,180.0,180.00369262695312,0.003692626953125,8.132049560546875,1.95,1.9666666245708861,16,81.19501466517782,20.298753666294456,34.665464975619656
d_M5,dy05,0.5,190.0,190.0024871826172,0.0024871826171875,8.132049560546875,1.95,1.9666666245708861,16,93.58900865505821,23.397252163764552,46.23400956493319
d_M5,dy05,0.5,200.0,200.00721740722656,0.0072174072265625,8.132049560546875,1.95,1.9666666245708861,16,50.94428050163374,12.736070125408435,27.70843583446444
d_M5,dy05,0.5,210.0,210.00442504882812,0.004425048828125,8.132049560546875,1.95,1.9666666245708861,16,70.4409871529825,17.610246788245625,39.774262250480064
d_M5,dy05,0.5,220.0,220.0050811767578,0.0050811767578125,8.132049560546875,1.95,1.9666666245708861,16,52.24335199491437,13.060837998728593,31.880822677027737
d_M5,dy05,0.5,230.0,230.00802612304688,0.008026123046875,8.132049560546875,1.95,1.9666666245708861,16,72.47702987213256,18.11925746803314,29.148123484962028
d_M5,dy05,0.5,240.0,240.00572204589844,0.0057220458984375,8.132049560546875,1.95,1.9666666245708861,16,86.14430170355558,21.536075425888896,44.94738847118319
d_M5,dy05,0.5,250.0,250.005615234375,0.005615234375,8.132049560546875,1.95,1.9666666245708861,16,58.393985925190314,14.598496481297579,33.43934240578109
d_M5,dy05,0.5,260.0,260.0086975097656,0.008697509765625,8.132049560546875,1.95,1.9666666245708861,16,81.7915222432964,20.4478805608241,34.26074762568001
d_M5,dy05,0.5,270.0,270.0089416503906,0.008941650390625,8.132049560546875,1.95,1.9666666245708861,16,60.98146548551608,15.24536637137902,32.73806949311684
d_M5,dy05,0.5,280.0,280.01068115234375,0.01068115234375,8.132049560546875,1.95,1.9666666245708861,16,65.78449886922216,16.44612471730554,27.30792739404057
d_M5,dy05,0.5,290.0,290.0057678222656,0.005767822265625,8.132049560546875,1.95,1.9666666245708861,16,79.62336214335689,19.90584053583922,46.65319901805819
d_M5,dy05,0.5,300.0,300.0,0.0,8.132049560546875,1.95,1.9666666245708861,16,108.68385146775344,27.17096286693836,50.56883689503064
dq_M5,dy05,0.5,0.0,0.0,0.0,8.132049560546875,1.95,1.9666666245708861,16,580.2683902891357,145.06709757228393,227.45762711864413
dq_M5,dy05,0.5,10.0,10.006834983825684,0.006834983825683594,8.132049560546875,1.95,1.9666666245708861,16,548.5238677650937,137.1309669412734,187.4380948049219
dq_M5,dy05,0.5,20.0,20.000368118286133,0.0003681182861328125,8.132049560546875,1.95,1.9666666245708861,16,478.2268273046555,119.55670682616388,169.51729593261476
dq_M5,dy05,0.5,30.0,30.00543975830078,0.00543975830078125,8.132049560546875,1.95,1.9666666245708861,16,232.3281198151471,58.08202995378677,88.1768834486289
dq_M5,dy05,0.5,40.0,40.00568771362305,0.005687713623046875,8.132049560546875,1.95,1.9666666245708861,16,96.68682488350218,24.171706220875546,40.23496097363643
dq_M5,dy05,0.5,50.0,50.007999420166016,0.007999420166015625,8.132049560546875,1.95,1.9666666245708861,16,113.89611402689981,28.474028506724952,86.85255354541837
dq_M5,dy05,0.5,60.0,60.002803802490234,0.002803802490234375,8.132049560546875,1.95,1.9666666245708861,16,82.48572996811048,20.62143249202762,56.266487761055345
dq_M5,dy05,0.5,70.0,70.00408172607422,0.00408172607421875,8.132049560546875,1.95,1.9666666245708861,16,101.19386475972041,25.298466189930103,37.63633476843657
dq_M5,dy05,0.5,80.0,80.00511169433594,0.0051116943359375,8.132049560546875,1.95,1.9666666245708861,16,59.310748518167976,14.827687129541994,36.35149642522743
dq_M5,dy05,0.5,90.0,90.00167846679688,0.001678466796875,8.132049560546875,1.95,1.9666666245708861,16,126.30269605386792,31.57567401346698,50.549494923807956
dq_M5,dy05,0.5,100.0,100.00457000732422,0.00457000732421875,8.132049560546875,1.95,1.9666666245708861,16,104.51515173524024,26.12878793381006,45.481093584480874
dq_M5,dy05,0.5,110.0,110.00169372558594,0.0016937255859375,8.132049560546875,1.95,1.9666666245708861,16,72.40060726143155,18.100151815357886,32.39997135460832
dq_M5,dy05,0.5,120.0,120.00157928466797,0.00157928466796875,8.132049560546875,1.95,1.9666666245708861,16,222.2591365637871,55.56478414094678,108.83623094915214
dq_M5,dy05,0.5,130.0,130.00796508789062,0.007965087890625,8.132049560546875,1.95,1.9666666245708861,16,116.8775971231403,29.219399280785076,68.71737398103741
dq_M5,dy05,0.5,140.0,140.00938415527344,0.0093841552734375,8.132049560546875,1.95,1.9666666245708861,16,93.80514150048741,23.451285375121852,45.38828962940275
dq_M5,dy05,0.5,150.0,150.00335693359375,0.00335693359375,8.132049560546875,1.95,1.9666666245708861,16,75.7483741588589,18.937093539714724,41.97274277197508
dq_M5,dy05,0.5,160.0,160.00360107421875,0.00360107421875,8.132049560546875,1.95,1.9666666245708861,16,91.18897050543691,22.79724262635923,42.954834661047556
dq_M5,dy05,0.5,170.0,170.00840759277344,0.0084075927734375,8.132049560546875,1.95,1.9666666245708861,16,95.53359485718842,23.883398714297105,40.441808785145625
dq_M5,dy05,0.5,180.0,180.00643920898438,0.006439208984375,8.132049560546875,1.95,1.9666666245708861,16,67.25959924603698,16.814899811509246,32.88493545918392
dq_M5,dy05,0.5,190.0,190.00473022460938,0.004730224609375,8.132049560546875,1.95,1.9666666245708861,16,110.16906082232448,27.54226520558112,65.65271131605401
dq_M5,dy05,0.5,200.0,200.0076446533203,0.0076446533203125,8.132049560546875,1.95,1.9666666245708861,16,83.18676782300395,20.796691955750987,47.68677064617961
dq_M5,dy05,0.5,210.0,210.00909423828125,0.00909423828125,8.132049560546875,1.95,1.9666666245708861,16,63.44392839510839,15.860982098777097,44.95374765212337
dq_M5,dy05,0.5,220.0,220.0034942626953,0.0034942626953125,8.132049560546875,1.95,1.9666666245708861,16,71.03064736104798,17.757661840261996,37.363751296518785
dq_M5,dy05,0.5,230.0,230.00086975097656,0.0008697509765625,8.132049560546875,1.95,1.9666666245708861,16,57.96416367718725,14.491040919296813,23.846153672012164
dq_M5,dy05,0.5,240.0,240.00914001464844,0.0091400146484375,8.132049560546875,1.95,1.9666666245708861,16,38.37164521494393,9.592911303735983,15.601064311342626
dq_M5,dy05,0.5,250.0,250.0065155029297,0.0065155029296875,8.132049560546875,1.95,1.9666666245708861,16,316.7109940852107,79.17774852130268,222.69535615423703
dq_M5,dy05,0.5,260.0,260.0009460449219,0.000946044921875,8.132049560546875,1.95,1.9666666245708861,16,81.20647383480777,20.30161845870194,52.785353838387124
dq_M5,dy05,0.5,270.0,270.0084228515625,0.0084228515625,8.132049560546875,1.95,1.9666666245708861,16,92.6750991938619,23.168774798465474,48.20885802499927
dq_M5,dy05,0.5,280.0,280.0022888183594,0.002288818359375,8.132049560546875,1.95,1.9666666245708861,16,37.8575453687178,9.46438634217945,23.070768136227514
dq_M5,dy05,0.5,290.0,290.0093994140625,0.0093994140625,8.132049560546875,1.95,1.9666666245708861,16,76.79938747947229,19.19984686986807,34.026442705574624
dq_M5,dy05,0.5,300.0,300.0,0.0,8.132049560546875,1.95,1.9666666245708861,16,73.59363965310374,18.398409913275934,45.405592734835324
d_M5,dy06,0.6,0.0,0.0,0.0,8.132049560546875,2.05,2.053333289672931,16,580.2683902891357,145.06709757228393,227.45762711864413
d_M5,dy06,0.6,10.0,10.01058292388916,0.010582923889160156,8.132049560546875,2.05,2.053333289672931,16,561.4084247846152,140.3521061961538,200.33519822460116
d_M5,dy06,0.6,20.0,20.005002975463867,0.0050029754638671875,8.132049560546875,2.05,2.053333289672931,16,501.7254927437571,125.43137318593928,176.48044323107467
d_M5,dy06,0.6,30.0,30.00124168395996,0.0012416839599609375,8.132049560546875,2.05,2.053333289672931,16,258.06743134459884,64.51685783614971,93.40821578869668
d_M5,dy06,0.6,40.0,40.006187438964844,0.00618743896484375,8.132049560546875,2.05,2.053333289672931,16,145.93946914794125,36.48486728698531,55.13085223273886
d_M5,dy06,0.6,50.0,50.00764846801758,0.007648468017578125,8.132049560546875,2.05,2.053333289672931,16,130.48061731428717,32.62015432857179,54.75633713594027
d_M5,dy06,0.6,60.0,60.00835418701172,0.00835418701171875,8.132049560546875,2.05,2.053333289672931,16,73.03267246816642,18.258168117041606,40.522489651798885
d_M5,dy06,0.6,70.0,70.00757598876953,0.00757598876953125,8.132049560546875,2.05,2.053333289672931,16,65.85202781743449,16.463006954358622,37.393728762401444
d_M5,dy06,0.6,80.0,80.00468444824219,0.0046844482421875,8.132049560546875,2.05,2.053333289672931,16,68.40067652687097,17.100169131717742,35.48205190959262
d_M5,dy06,0.6,90.0,90.00244140625,0.00244140625,8.132049560546875,2.05,2.053333289672931,16,51.29704576088542,12.824261440221354,26.121285319189923
d_M5,dy06,0.6,100.0,100.00980377197266,0.00980377197265625,8.132049560546875,2.05,2.053333289672931,16,75.88928315653874,18.972320789134685,38.7868007405717
d_M5,dy06,0.6,110.0,110.0078125,0.0078125,8.132049560546875,2.05,2.053333289672931,16,64.05821708530007,16.014554271325018,29.895190033249577
d_M5,dy06,0.6,120.0,120.00165557861328,0.00165557861328125,8.132049560546875,2.05,2.053333289672931,16,63.34014957119563,15.835037392798908,35.562241376456626
d_M5,dy06,0.6,130.0,130.00535583496094,0.0053558349609375,8.132049560546875,2.05,2.053333289672931,16,86.95406204187005,21.73851551046751,45.322113812980064
d_M5,dy06,0.6,140.0,140.0108184814453,0.0108184814453125,8.132049560546875,2.05,2.053333289672931,16,86.49488044382727,21.623720110956818,42.95551632716645
d_M5,dy06,0.6,150.0,150.00213623046875,0.00213623046875,8.132049560546875,2.05,2.053333289672931,16,73.43698997980296,18.35924749495074,35.73119383830328
d_M5,dy06,0.6,160.0,160.00363159179688,0.003631591796875,8.132049560546875,2.05,2.053333289672931,16,58.33328897315703,14.583322243289258,30.269612812957142
d_M5,dy06,0.6,170.0,170.0038299560547,0.0038299560546875,8.132049560546875,2.05,2.053333289672931,16,56.89980038877892,14.22495009719473,28.499079123045973
d_M5,dy06,0.6,180.0,180.00369262695312,0.003692626953125,8.132049560546875,2.05,2.053333289672931,16,87.57392323489442,21.893480808723606,35.54845393836041
d_M5,dy06,0.6,190.0,190.0024871826172,0.0024871826171875,8.132049560546875,2.05,2.053333289672931,16,93.41994246581294,23.354985616453234,43.64874345165194
d_M5,dy06,0.6,200.0,200.00721740722656,0.0072174072265625,8.132049560546875,2.05,2.053333289672931,16,63.96298057498854,15.990745143747136,39.9965370307535
d_M5,dy06,0.6,210.0,210.00442504882812,0.004425048828125,8.132049560546875,2.05,2.053333289672931,16,80.52492723895735,20.131231809739337,47.846421063956626
d_M5,dy06,0.6,220.0,220.0050811767578,0.0050811767578125,8.132049560546875,2.05,2.053333289672931,16,57.4621746213038,14.36554365532595,37.75232224323811
d_M5,dy06,0.6,230.0,230.00802612304688,0.008026123046875,8.132049560546875,2.05,2.053333289672931,16,77.13202333977335,19.28300583494334,35.9596717963785
d_M5,dy06,0.6,240.0,240.00572204589844,0.0057220458984375,8.132049560546875,2.05,2.053333289672931,16,84.03584559027696,21.00896139756924,40.336502851066
d_M5,dy06,0.6,250.0,250.005615234375,0.005615234375,8.132049560546875,2.05,2.053333289672931,16,60.670947665264336,15.167736916316084,35.86864832932803
d_M5,dy06,0.6,260.0,260.0086975097656,0.008697509765625,8.132049560546875,2.05,2.053333289672931,16,84.4017804055895,21.100445101397376,34.97991348702365
d_M5,dy06,0.6,270.0,270.0089416503906,0.008941650390625,8.132049560546875,2.05,2.053333289672931,16,76.80530836776572,19.20132709194143,41.11786772686118
d_M5,dy06,0.6,280.0,280.01068115234375,0.01068115234375,8.132049560546875,2.05,2.053333289672931,16,70.65210462944395,17.66302615736099,30.874527208705985
d_M5,dy06,0.6,290.0,290.0057678222656,0.005767822265625,8.132049560546875,2.05,2.053333289672931,16,86.55522873726835,21.638807184317088,46.98272782665194
d_M5,dy06,0.6,300.0,300.0,0.0,8.132049560546875,2.05,2.053333289672931,16,118.49869888555494,29.624674721388736,52.0576976211934
dq_M5,dy06,0.6,0.0,0.0,0.0,8.132049560546875,2.05,2.053333289672931,16,580.2683902891357,145.06709757228393,227.45762711864413
dq_M5,dy06,0.6,10.0,10.006834983825684,0.006834983825683594,8.132049560546875,2.05,2.053333289672931,16,553.2521200657405,138.31303001643514,191.88248303707664
dq_M5,dy06,0.6,20.0,20.000368118286133,0.0003681182861328125,8.132049560546875,2.05,2.053333289672931,16,498.9437661550024,124.7359415387506,181.33009505332802
dq_M5,dy06,0.6,30.0,30.00543975830078,0.00543975830078125,8.132049560546875,2.05,2.053333289672931,16,247.43248224753623,61.85812056188406,90.55569829823442
dq_M5,dy06,0.6,40.0,40.00568771362305,0.005687713623046875,8.132049560546875,2.05,2.053333289672931,16,101.45005725333768,25.36251431333442,38.82716245454178
dq_M5,dy06,0.6,50.0,50.007999420166016,0.007999420166015625,8.132049560546875,2.05,2.053333289672931,16,110.37815319258999,27.594538298147498,75.63181990284025
dq_M5,dy06,0.6,60.0,60.002803802490234,0.002803802490234375,8.132049560546875,2.05,2.053333289672931,16,71.75406898448816,17.93851724612204,45.33628767627775
dq_M5,dy06,0.6,70.0,70.00408172607422,0.00408172607421875,8.132049560546875,2.05,2.053333289672931,16,105.80800151640533,26.45200037910133,42.022739549454826
dq_M5,dy06,0.6,80.0,80.00511169433594,0.0051116943359375,8.132049560546875,2.05,2.053333289672931,16,62.19659017822068,15.54914754455517,37.02342803012696
dq_M5,dy06,0.6,90.0,90.00167846679688,0.001678466796875,8.132049560546875,2.05,2.053333289672931,16,122.81161373680109,30.702903434200273,46.612423579931445
dq_M5,dy06,0.6,100.0,100.00457000732422,0.00457000732421875,8.132049560546875,2.05,2.053333289672931,16,107.34757315455231,26.836893288638077,49.295821367684
dq_M5,dy06,0.6,110.0,110.00169372558594,0.0016937255859375,8.132049560546875,2.05,2.053333289672931,16,76.09745163243993,19.024362908109982,33.443641155093225
dq_M5,dy06,0.6,120.0,120.00157928466797,0.00157928466796875,8.132049560546875,2.05,2.053333289672931,16,208.33994361512316,52.08498590378079,110.72075858380754
dq_M5,dy06,0.6,130.0,130.00796508789062,0.007965087890625,8.132049560546875,2.05,2.053333289672931,16,103.59495867805414,25.898739669513535,61.05985113515473
dq_M5,dy06,0.6,140.0,140.00938415527344,0.0093841552734375,8.132049560546875,2.05,2.053333289672931,16,87.8313288049768,21.9578322012442,28.573392561147955
dq_M5,dy06,0.6,150.0,150.00335693359375,0.00335693359375,8.132049560546875,2.05,2.053333289672931,16,77.07265644314325,19.26816411078581,39.740889727059
dq_M5,dy06,0.6,160.0,160.00360107421875,0.00360107421875,8.132049560546875,2.05,2.053333289672931,16,87.15200570406364,21.78800142601591,39.28710814210967
dq_M5,dy06,0.6,170.0,170.00840759277344,0.0084075927734375,8.132049560546875,2.05,2.053333289672931,16,88.53007983359223,22.132519958398056,39.483377612990594
dq_M5,dy06,0.6,180.0,180.00643920898438,0.006439208984375,8.132049560546875,2.05,2.053333289672931,16,68.07900841243897,17.01975210310974,35.08924419685617
dq_M5,dy06,0.6,190.0,190.00473022460938,0.004730224609375,8.132049560546875,2.05,2.053333289672931,16,89.82127241395418,22.455318103488544,44.272110006608315
dq_M5,dy06,0.6,200.0,200.0076446533203,0.0076446533203125,8.132049560546875,2.05,2.053333289672931,16,61.66306696510653,15.415766741276633,31.64176212520698
dq_M5,dy06,0.6,210.0,210.00909423828125,0.00909423828125,8.132049560546875,2.05,2.053333289672931,16,63.35850398077063,15.839625995192657,39.92265337892441
dq_M5,dy06,0.6,220.0,220.0034942626953,0.0034942626953125,8.132049560546875,2.05,2.053333289672931,16,74.56156607598365,18.640391518995912,35.88578309961889
dq_M5,dy06,0.6,230.0,230.00086975097656,0.0008697509765625,8.132049560546875,2.05,2.053333289672931,16,59.907785316569516,14.976946329142379,27.08564226439691
dq_M5,dy06,0.6,240.0,240.00914001464844,0.0091400146484375,8.132049560546875,2.05,2.053333289672931,16,40.11717262772495,10.029293156931237,22.89745285197145
dq_M5,dy06,0.6,250.0,250.0065155029297,0.0065155029296875,8.132049560546875,2.05,2.053333289672931,16,173.4286917964193,43.35717294910482,114.91906531736694
dq_M5,dy06,0.6,260.0,260.0009460449219,0.000946044921875,8.132049560546875,2.05,2.053333289672931,16,66.46802941166123,16.61700735291531,41.2458946098715
dq_M5,dy06,0.6,270.0,270.0084228515625,0.0084228515625,8.132049560546875,2.05,2.053333289672931,16,101.7146803351945,25.428670083798625,48.85553230762147
dq_M5,dy06,0.6,280.0,280.0022888183594,0.002288818359375,8.132049560546875,2.05,2.053333289672931,16,42.990429803651175,10.747607450912794,29.331359119295712
dq_M5,dy06,0.6,290.0,290.0093994140625,0.0093994140625,8.132049560546875,2.05,2.053333289672931,16,76.56527081973661,19.141317704934153,30.4309899139936
dq_M5,dy06,0.6,300.0,300.0,0.0,8.132049560546875,2.05,2.053333289672931,16,67.15148053528638,16.787870133821595,35.01748227486351
d_M5,dy07,0.7,0.0,0.0,0.0,8.132049560546875,2.15,2.1399999547749755,16,580.2683902891357,145.06709757228393,227.45762711864413
d_M5,dy07,0.7,10.0,10.01058292388916,0.010582923889160156,8.132049560546875,2.15,2.1399999547749755,16,565.1142600193673,141.27856500484182,204.37572556835116
d_M5,dy07,0.7,20.0,20.005002975463867,0.0050029754638671875,8.132049560546875,2.15,2.1399999547749755,16,516.8440376930589,129.21100942326473,182.32159646315228
d_M5,dy07,0.7,30.0,30.00124168395996,0.0012416839599609375,8.132049560546875,2.15,2.1399999547749755,16,293.0672276091661,73.26680690229152,98.28931734870255
d_M5,dy07,0.7,40.0,40.006187438964844,0.00618743896484375,8.132049560546875,2.15,2.1399999547749755,16,157.72741043149125,39.43185260787281,58.645948011027656
d_M5,dy07,0.7,50.0,50.00764846801758,0.007648468017578125,8.132049560546875,2.15,2.1399999547749755,16,140.82381084444032,35.20595271111008,56.75967114946532
d_M5,dy07,0.7,60.0,60.00835418701172,0.00835418701171875,8.132049560546875,2.15,2.1399999547749755,16,82.78176287188927,20.695440717972318,41.30573752132899
d_M5,dy07,0.7,70.0,70.00757598876953,0.00757598876953125,8.132049560546875,2.15,2.1399999547749755,16,73.64170633201108,18.41042658300277,39.42987572834057
d_M5,dy07,0.7,80.0,80.00468444824219,0.0046844482421875,8.132049560546875,2.15,2.1399999547749755,16,72.63844376636382,18.159610941590955,36.73910608019273
d_M5,dy07,0.7,90.0,90.00244140625,0.00244140625,8.132049560546875,2.15,2.1399999547749755,16,58.363470259915886,14.590867564978971,33.0035976713706
d_M5,dy07,0.7,100.0,100.00980377197266,0.00980377197265625,8.132049560546875,2.15,2.1399999547749755,16,78.9807595727733,19.745189893193324,39.162268472764055
d_M5,dy07,0.7,110.0,110.0078125,0.0078125,8.132049560546875,2.15,2.1399999547749755,16,68.22841880774207,17.05710470193552,30.875660104709596
d_M5,dy07,0.7,120.0,120.00165557861328,0.00165557861328125,8.132049560546875,2.15,2.1399999547749755,16,67.73510797899992,16.93377699474998,37.039616092551675
d_M5,dy07,0.7,130.0,130.00535583496094,0.0053558349609375,8.132049560546875,2.15,2.1399999547749755,16,97.59021159428838,24.397552898572094,47.375901044425376
d_M5,dy07,0.7,140.0,140.0108184814453,0.0108184814453125,8.132049560546875,2.15,2.1399999547749755,16,91.96442417290449,22.99110604322612,40.88075642865855
d_M5,dy07,0.7,150.0,150.00213623046875,0.00213623046875,8.132049560546875,2.15,2.1399999547749755,16,79.76160275459912,19.94040068864978,36.51266835985256
d_M5,dy07,0.7,160.0,160.00363159179688,0.003631591796875,8.132049560546875,2.15,2.1399999547749755,16,68.34624040623078,17.086560101557694,33.092411028859985
d_M5,dy07,0.7,170.0,170.0038299560547,0.0038299560546875,8.132049560546875,2.15,2.1399999547749755,16,72.49803618517642,18.124509046294104,41.86540842864473
d_M5,dy07,0.7,180.0,180.00369262695312,0.003692626953125,8.132049560546875,2.15,2.1399999547749755,16,90.55552115005165,22.63888028751291,35.90594628030472
d_M5,dy07,0.7,190.0,190.0024871826172,0.0024871826171875,8.132049560546875,2.15,2.1399999547749755,16,90.25610286423341,22.564025716058353,39.92224198680819
d_M5,dy07,0.7,200.0,200.00721740722656,0.0072174072265625,8.132049560546875,2.15,2.1399999547749755,16,67.46318053361865,16.865795133404664,42.926850141105064
d_M5,dy07,0.7,210.0,210.00442504882812,0.004425048828125,8.132049560546875,2.15,2.1399999547749755,16,86.46924149210444,21.61731037302611,49.29235917430819
d_M5,dy07,0.7,220.0,220.0050811767578,0.0050811767578125,8.132049560546875,2.15,2.1399999547749755,16,56.6773999690357,14.169349992258924,32.900212494048816
d_M5,dy07,0.7,230.0,230.00802612304688,0.008026123046875,8.132049560546875,2.15,2.1399999547749755,16,79.28726981645569,19.821817454113923,39.22904372099022
d_M5,dy07,0.7,240.0,240.00572204589844,0.0057220458984375,8.132049560546875,2.15,2.1399999547749755,16,83.17764481573903,20.794411203934757,36.45330888133944
d_M5,dy07,0.7,250.0,250.005615234375,0.005615234375,8.132049560546875,2.15,2.1399999547749755,16,66.54815095166457,16.637037737916142,38.681589807245096
d_M5,dy07,0.7,260.0,260.0086975097656,0.008697509765625,8.132049560546875,2.15,2.1399999547749755,16,84.57960899662477,21.144902249156193,34.671079205614184
d_M5,dy07,0.7,270.0,270.0089416503906,0.008941650390625,8.132049560546875,2.15,2.1399999547749755,16,91.08903355073188,22.77225838768297,45.85959873416459
d_M5,dy07,0.7,280.0,280.01068115234375,0.01068115234375,8.132049560546875,2.15,2.1399999547749755,16,77.70330626196008,19.42582656549002,33.355842123569666
d_M5,dy07,0.7,290.0,290.0057678222656,0.005767822265625,8.132049560546875,2.15,2.1399999547749755,16,95.2122123311734,23.80305308279335,47.64992192828353
d_M5,dy07,0.7,300.0,300.0,0.0,8.132049560546875,2.15,2.1399999547749755,16,125.31795926826287,31.329489817065717,53.272293866691
dq_M5,dy07,0.7,0.0,0.0,0.0,8.132049560546875,2.15,2.1399999547749755,16,580.2683902891357,145.06709757228393,227.45762711864413
dq_M5,dy07,0.7,10.0,10.006834983825684,0.006834983825683594,8.132049560546875,2.15,2.1399999547749755,16,556.8757456872785,139.21893642181962,195.11330003430623
dq_M5,dy07,0.7,20.0,20.000368118286133,0.0003681182861328125,8.132049560546875,2.15,2.1399999547749755,16,509.3757415063864,127.3439353765966,187.25303800027996
dq_M5,dy07,0.7,30.0,30.00543975830078,0.00543975830078125,8.132049560546875,2.15,2.1399999547749755,16,256.8860221381866,64.22150553454665,90.84800822778564
dq_M5,dy07,0.7,40.0,40.00568771362305,0.005687713623046875,8.132049560546875,2.15,2.1399999547749755,16,106.66522147796655,26.66630536949164,37.06715397494892
dq_M5,dy07,0.7,50.0,50.007999420166016,0.007999420166015625,8.132049560546875,2.15,2.1399999547749755,16,108.16556735720015,27.041391839300037,63.4404746879965
dq_M5,dy07,0.7,60.0,60.002803802490234,0.002803802490234375,8.132049560546875,2.15,2.1399999547749755,16,62.183411006535565,15.545852751633891,40.058669268074624
dq_M5,dy07,0.7,70.0,70.00408172607422,0.00408172607421875,8.132049560546875,2.15,2.1399999547749755,16,109.19015964878575,27.297539912196438,44.453028522789936
dq_M5,dy07,0.7,80.0,80.00511169433594,0.0051116943359375,8.132049560546875,2.15,2.1399999547749755,16,66.92457866497801,16.731144666244504,42.118754551420075
dq_M5,dy07,0.7,90.0,90.00167846679688,0.001678466796875,8.132049560546875,2.15,2.1399999547749755,16,122.42635689921504,30.60658922480376,52.535895396087085
dq_M5,dy07,0.7,100.0,100.00457000732422,0.00457000732421875,8.132049560546875,2.15,2.1399999547749755,16,106.94754293274183,26.736885733185456,49.916915117684
dq_M5,dy07,0.7,110.0,110.00169372558594,0.0016937255859375,8.132049560546875,2.15,2.1399999547749755,16,81.03232759006531,20.258081897516327,34.317549984278514
dq_M5,dy07,0.7,120.0,120.00157928466797,0.00157928466796875,8.132049560546875,2.15,2.1399999547749755,16,178.1708038720009,44.542700968000226,103.13798995911452
dq_M5,dy07,0.7,130.0,130.00796508789062,0.007965087890625,8.132049560546875,2.15,2.1399999547749755,16,90.50380532175103,22.625951330437758,46.05621254989384
dq_M5,dy07,0.7,140.0,140.00938415527344,0.0093841552734375,8.132049560546875,2.15,2.1399999547749755,16,87.1828795514729,21.795719887868223,32.7419808385321
dq_M5,dy07,0.7,150.0,150.00335693359375,0.00335693359375,8.132049560546875,2.15,2.1399999547749755,16,78.4398049069253,19.609951226731326,39.002577959480874
dq_M5,dy07,0.7,160.0,160.00360107421875,0.00360107421875,8.132049560546875,2.15,2.1399999547749755,16,83.47694057843027,20.86923514460757,37.60797288840185
dq_M5,dy07,0.7,170.0,170.00840759277344,0.0084075927734375,8.132049560546875,2.15,2.1399999547749755,16,84.59154627343943,21.14788656835986,35.117892146415
dq_M5,dy07,0.7,180.0,180.00643920898438,0.006439208984375,8.132049560546875,2.15,2.1399999547749755,16,66.9503251164486,16.73758127911215,36.17495751984303
dq_M5,dy07,0.7,190.0,190.00473022460938,0.004730224609375,8.132049560546875,2.15,2.1399999547749755,16,88.1659354279582,22.04148385698955,38.30539450591199
dq_M5,dy07,0.7,200.0,200.0076446533203,0.0076446533203125,8.132049560546875,2.15,2.1399999547749755,16,54.924818742362746,13.731204685590686,27.10130983542639
dq_M5,dy07,0.7,210.0,210.00909423828125,0.00909423828125,8.132049560546875,2.15,2.1399999547749755,16,68.00386671520693,17.00096667880173,33.05308916398815
dq_M5,dy07,0.7,220.0,220.0034942626953,0.0034942626953125,8.132049560546875,2.15,2.1399999547749755,16,84.03922571596169,21.009806428990423,44.16618512616182
dq_M5,dy07,0.7,230.0,230.00086975097656,0.0008697509765625,8.132049560546875,2.15,2.1399999547749755,16,61.377290101955225,15.344322525488806,30.109492528457928
dq_M5,dy07,0.7,240.0,240.00914001464844,0.0091400146484375,8.132049560546875,2.15,2.1399999547749755,16,44.69877582988461,11.174693957471153,28.391384937825748
dq_M5,dy07,0.7,250.0,250.0065155029297,0.0065155029296875,8.132049560546875,2.15,2.1399999547749755,16,108.44869985474962,27.112174963687405,52.763084990866986
dq_M5,dy07,0.7,260.0,260.0009460449219,0.000946044921875,8.132049560546875,2.15,2.1399999547749755,16,53.31954708710141,13.329886771775353,29.68205857304593
dq_M5,dy07,0.7,270.0,270.0084228515625,0.0084228515625,8.132049560546875,2.15,2.1399999547749755,16,108.59732312308289,27.149330780770722,49.5748102291295
dq_M5,dy07,0.7,280.0,280.0022888183594,0.002288818359375,8.132049560546875,2.15,2.1399999547749755,16,53.685810882899524,13.421452720724881,35.41482571933338
dq_M5,dy07,0.7,290.0,290.0093994140625,0.0093994140625,8.132049560546875,2.15,2.1399999547749755,16,75.92965191417743,18.982412978544357,29.226085817838808
dq_M5,dy07,0.7,300.0,300.0,0.0,8.132049560546875,2.15,2.1399999547749755,16,63.90111267912914,15.975278169782285,30.169649316784607
d_M5,dy08,0.8,0.0,0.0,0.0,8.132049560546875,2.25,2.2266666198770206,16,580.2683902891357,145.06709757228393,227.45762711864413
d_M5,dy08,0.8,10.0,10.01058292388916,0.010582923889160156,8.132049560546875,2.25,2.2266666198770206,16,567.0633847000407,141.76584617501018,206.01198655467928
d_M5,dy08,0.8,20.0,20.005002975463867,0.0050029754638671875,8.132049560546875,2.25,2.2266666198770206,16,526.8177599104752,131.7044399776188,189.07535611168814
d_M5,dy08,0.8,30.0,30.00124168395996,0.0012416839599609375,8.132049560546875,2.25,2.2266666198770206,16,322.73788531496086,80.68447132874022,102.33585881378693
d_M5,dy08,0.8,40.0,40.006187438964844,0.00618743896484375,8.132049560546875,2.25,2.2266666198770206,16,168.11967468946028,42.02991867236507,60.101583207597415
d_M5,dy08,0.8,50.0,50.00764846801758,0.007648468017578125,8.132049560546875,2.25,2.2266666198770206,16,143.3589804722864,35.8397451180716,57.26245149515445
d_M5,dy08,0.8,60.0,60.00835418701172,0.00835418701171875,8.132049560546875,2.25,2.2266666198770206,16,91.24915554047442,22.812288885118605,46.97131425243319
d_M5,dy08,0.8,70.0,70.00757598876953,0.00757598876953125,8.132049560546875,2.25,2.2266666198770206,16,80.2879938354304,20.0719984588576,40.445216796003464
d_M5,dy08,0.8,80.0,80.00468444824219,0.0046844482421875,8.132049560546875,2.25,2.2266666198770206,16,76.51565311699716,19.12891327924929,42.431017628783316
d_M5,dy08,0.8,90.0,90.00244140625,0.00244140625,8.132049560546875,2.25,2.2266666198770206,16,67.31303051520366,16.828257628800916,42.203194731815756
d_M5,dy08,0.8,100.0,100.00980377197266,0.00980377197265625,8.132049560546875,2.25,2.2266666198770206,16,82.80820941648396,20.70205235412099,45.39009997206439
d_M5,dy08,0.8,110.0,110.0078125,0.0078125,8.132049560546875,2.25,2.2266666198770206,16,71.45379121842798,17.863447804606995,34.32879956415696
d_M5,dy08,0.8,120.0,120.00165557861328,0.00165557861328125,8.132049560546875,2.25,2.2266666198770206,16,78.47767064824232,19.61941766206058,38.325303390570234
d_M5,dy08,0.8,130.0,130.00535583496094,0.0053558349609375,8.132049560546875,2.25,2.2266666198770206,16,107.3836267822263,26.845906695556575,47.724930585441
d_M5,dy08,0.8,140.0,140.0108184814453,0.0108184814453125,8.132049560546875,2.25,2.2266666198770206,16,104.72959103486775,26.182397758716938,47.47252943589402
d_M5,dy08,0.8,150.0,150.00213623046875,0.00213623046875,8.132049560546875,2.25,2.2266666198770206,16,85.48253954135603,21.37063488533901,36.844706652029934
d_M5,dy08,0.8,160.0,160.00363159179688,0.003631591796875,8.132049560546875,2.25,2.2266666198770206,16,78.99211591307055,19.748028978267637,35.327963665850845
d_M5,dy08,0.8,170.0,170.0038299560547,0.0038299560546875,8.132049560546875,2.25,2.2266666198770206,16,94.15825555676544,23.53956388919136,54.19917172391426
d_M5,dy08,0.8,180.0,180.00369262695312,0.003692626953125,8.132049560546875,2.25,2.2266666198770206,16,92.49080857860748,23.12270214465187,39.68216622288165
d_M5,dy08,0.8,190.0,190.0024871826172,0.0024871826171875,8.132049560546875,2.25,2.2266666198770206,16,88.65548964988346,22.163872412470866,36.352341474112876
d_M5,dy08,0.8,200.0,200.00721740722656,0.0072174072265625,8.132049560546875,2.25,2.2266666198770206,16,68.24754576941478,17.061886442353696,40.5512245307535
d_M5,dy08,0.8,210.0,210.00442504882812,0.004425048828125,8.132049560546875,2.25,2.2266666198770206,16,92.2264051995721,23.056601299893025,48.71820145946444
d_M5,dy08,0.8,220.0,220.0050811767578,0.0050811767578125,8.132049560546875,2.25,2.2266666198770206,16,56.44022453686354,14.110056134215885,23.304151777272324
d_M5,dy08,0.8,230.0,230.00802612304688,0.008026123046875,8.132049560546875,2.25,2.2266666198770206,16,82.7208757855847,20.680218946396174,46.36360532035676
d_M5,dy08,0.8,240.0,240.00572204589844,0.0057220458984375,8.132049560546875,2.25,2.2266666198770206,16,84.39245217347059,21.098113043367647,36.575836957511314
d_M5,dy08,0.8,250.0,250.005615234375,0.005615234375,8.132049560546875,2.25,2.2266666198770206,16,70.59812308918531,17.649530772296327,41.73056218794057
d_M5,dy08,0.8,260.0,260.0086975097656,0.008697509765625,8.132049560546875,2.25,2.2266666198770206,16,86.68098002246822,21.670245005617055,35.43305701669197
d_M5,dy08,0.8,270.0,270.0089416503906,0.008941650390625,8.132049560546875,2.25,2.2266666198770206,16,102.70507657257879,25.676269143144697,47.75180532430201
d_M5,dy08,0.8,280.0,280.01068115234375,0.01068115234375,8.132049560546875,2.25,2.2266666198770206,16,86.82301009822032,21.70575252455508,34.89488407628342
d_M5,dy08,0.8,290.0,290.0057678222656,0.005767822265625,8.132049560546875,2.25,2.2266666198770206,16,105.19349955607215,26.29837488901804,52.30230537965454
d_M5,dy08,0.8,300.0,300.0,0.0,8.132049560546875,2.25,2.2266666198770206,16,126.69052290992157,31.672630727480392,56.761307538566
dq_M5,dy08,0.8,0.0,0.0,0.0,8.132049560546875,2.25,2.2266666198770206,16,580.2683902891357,145.06709757228393,227.45762711864413
dq_M5,dy08,0.8,10.0,10.006834983825684,0.006834983825683594,8.132049560546875,2.25,2.2266666198770206,16,559.6795795708911,139.91989489272277,197.73707211363583
dq_M5,dy08,0.8,20.0,20.000368118286133,0.0003681182861328125,8.132049560546875,2.25,2.2266666198770206,16,516.0975490357665,129.02438725894163,187.82899607597938
dq_M5,dy08,0.8,30.0,30.00543975830078,0.00543975830078125,8.132049560546875,2.25,2.2266666198770206,16,268.5733217015504,67.1433304253876,89.95948504892336
dq_M5,dy08,0.8,40.0,40.00568771362305,0.005687713623046875,8.132049560546875,2.25,2.2266666198770206,16,112.01609361592652,28.00402340398163,38.657760779542656
dq_M5,dy08,0.8,50.0,50.007999420166016,0.007999420166015625,8.132049560546875,2.25,2.2266666198770206,16,106.1141499946929,26.528537498673224,57.13107989098429
dq_M5,dy08,0.8,60.0,60.002803802490234,0.002803802490234375,8.132049560546875,2.25,2.2266666198770206,16,59.74388308481291,14.935970771203227,37.59871192119058
dq_M5,dy08,0.8,70.0,70.00408172607422,0.00408172607421875,8.132049560546875,2.25,2.2266666198770206,16,110.05295326538682,27.513238316346705,44.582585618422314
dq_M5,dy08,0.8,80.0,80.00511169433594,0.0051116943359375,8.132049560546875,2.25,2.2266666198770206,16,73.13719649753473,18.284299124383683,47.55875994574035
dq_M5,dy08,0.8,90.0,90.00167846679688,0.001678466796875,8.132049560546875,2.25,2.2266666198770206,16,121.05038995482953,30.26259748870738,52.65770411087291
dq_M5,dy08,0.8,100.0,100.00457000732422,0.00457000732421875,8.132049560546875,2.25,2.2266666198770206,16,109.70540981400876,27.42635245350219,51.02342146534025
dq_M5,dy08,0.8,110.0,110.00169372558594,0.0016937255859375,8.132049560546875,2.25,2.2266666198770206,16,86.16435061236085,21.541087653090212,35.161095063205316
dq_M5,dy08,0.8,120.0,120.00157928466797,0.00157928466796875,8.132049560546875,2.25,2.2266666198770206,16,133.81423153539987,33.45355788384997,72.90111943323095
dq_M5,dy08,0.8,130.0,130.00796508789062,0.007965087890625,8.132049560546875,2.25,2.2266666198770206,16,78.72564871510085,19.68141217877521,36.544406862083974
dq_M5,dy08,0.8,140.0,140.00938415527344,0.0093841552734375,8.132049560546875,2.25,2.2266666198770206,16,87.15138497542658,21.787846243856645,31.713971273733556
dq_M5,dy08,0.8,150.0,150.00335693359375,0.00335693359375,8.132049560546875,2.25,2.2266666198770206,16,82.47084414994322,20.617711037485805,37.58128279346525
dq_M5,dy08,0.8,160.0,160.00360107421875,0.00360107421875,8.132049560546875,2.25,2.2266666198770206,16,79.96332036153943,19.990830090384858,36.36864351866443
dq_M5,dy08,0.8,170.0,170.00840759277344,0.0084075927734375,8.132049560546875,2.25,2.2266666198770206,16,80.18667638250375,20.046669095625937,31.818933548494407
dq_M5,dy08,0.8,180.0,180.00643920898438,0.006439208984375,8.132049560546875,2.25,2.2266666198770206,16,62.338526852978326,15.584631713244582,34.627485839900444
dq_M5,dy08,0.8,190.0,190.00473022460938,0.004730224609375,8.132049560546875,2.25,2.2266666198770206,16,84.95762625755346,21.239406564388364,29.734275624789163
dq_M5,dy08,0.8,200.0,200.0076446533203,0.0076446533203125,8.132049560546875,2.25,2.2266666198770206,16,65.15127801845183,16.28781950461296,28.03486328709559
dq_M5,dy08,0.8,210.0,210.00909423828125,0.00909423828125,8.132049560546875,2.25,2.2266666198770206,16,71.26989836356609,17.81747459089152,31.487444971287005
dq_M5,dy08,0.8,220.0,220.0034942626953,0.0034942626953125,8.132049560546875,2.25,2.2266666198770206,16,95.42572045331453,23.85643011332863,59.163604034856036
dq_M5,dy08,0.8,230.0,230.00086975097656,0.0008697509765625,8.132049560546875,2.25,2.2266666198770206,16,62.99328950662802,15.748322376657004,31.681002122441924
dq_M5,dy08,0.8,240.0,240.00914001464844,0.0091400146484375,8.132049560546875,2.25,2.2266666198770206,16,49.057545036762676,12.264386259190669,31.41412600713675
dq_M5,dy08,0.8,250.0,250.0065155029297,0.0065155029296875,8.132049560546875,2.25,2.2266666198770206,16,85.20432214004431,21.301080535011078,44.2512657036215
dq_M5,dy08,0.8,260.0,260.0009460449219,0.000946044921875,8.132049560546875,2.25,2.2266666198770206,16,51.35611894686001,12.839029736715002,31.407653677510574
dq_M5,dy08,0.8,270.0,270.0084228515625,0.0084228515625,8.132049560546875,2.25,2.2266666198770206,16,107.64291800693562,26.910729501733904,44.64198195344761
dq_M5,dy08,0.8,280.0,280.0022888183594,0.002288818359375,8.132049560546875,2.25,2.2266666198770206,16,62.99501941472624,15.74875485368156,34.368858959161656
dq_M5,dy08,0.8,290.0,290.0093994140625,0.0093994140625,8.132049560546875,2.25,2.2266666198770206,16,77.40643570210608,19.35160892552652,29.71466025659592
dq_M5,dy08,0.8,300.0,300.0,0.0,8.132049560546875,2.25,2.2266666198770206,16,63.026370678838084,15.756592669709521,31.300345603955257
d_M5,dy09,0.9,0.0,0.0,0.0,8.132049560546875,2.35,2.3133332849790653,16,580.2683902891357,145.06709757228393,227.45762711864413
d_M5,dy09,0.9,10.0,10.01058292388916,0.010582923889160156,8.132049560546875,2.35,2.3133332849790653,16,568.2646284353368,142.0661571088342,206.75547486644686
d_M5,dy09,0.9,20.0,20.005002975463867,0.0050029754638671875,8.132049560546875,2.35,2.3133332849790653,16,534.4127008259228,133.6031752064807,193.05066405899265
d_M5,dy09,0.9,30.0,30.00124168395996,0.0012416839599609375,8.132049560546875,2.35,2.3133332849790653,16,339.2521400695241,84.81303501738103,110.08098222065169
d_M5,dy09,0.9,40.0,40.006187438964844,0.00618743896484375,8.132049560546875,2.35,2.3133332849790653,16,176.17057477515854,44.042643693789636,62.16523288490326
d_M5,dy09,0.9,50.0,50.00764846801758,0.007648468017578125,8.132049560546875,2.35,2.3133332849790653,16,142.69297774108233,35.67324443527058,55.66617366435608
d_M5,dy09,0.9,60.0,60.00835418701172,0.00835418701171875,8.132049560546875,2.35,2.3133332849790653,16,96.6364219626659,24.159105490666477,53.196422116341815
d_M5,dy09,0.9,70.0,70.00757598876953,0.00757598876953125,8.132049560546875,2.35,2.3133332849790653,16,86.73361225070447,21.683403062676117,40.80425554022646
d_M5,dy09,0.9,80.0,80.00468444824219,0.0046844482421875,8.132049560546875,2.35,2.3133332849790653,16,79.32166577869762,19.830416444674405,48.275237650502596
d_M5,dy09,0.9,90.0,90.00244140625,0.00244140625,8.132049560546875,2.35,2.3133332849790653,16,78.22591383346847,19.556478458367117,44.82081746778277
d_M5,dy09,0.9,100.0,100.00980377197266,0.00980377197265625,8.132049560546875,2.35,2.3133332849790653,16,88.46635454089643,22.116588635224108,51.37770176398828
d_M5,dy09,0.9,110.0,110.0078125,0.0078125,8.132049560546875,2.35,2.3133332849790653,16,74.12497847358797,18.531244618396993,42.47946444348223
d_M5,dy09,0.9,120.0,120.00165557861328,0.00165557861328125,8.132049560546875,2.35,2.3133332849790653,16,94.2259093297979,23.556477332449475,45.38336222382689
d_M5,dy09,0.9,130.0,130.00535583496094,0.0053558349609375,8.132049560546875,2.35,2.3133332849790653,16,116.70135540000145,29.17533885000036,48.242576040246234
d_M5,dy09,0.9,140.0,140.0108184814453,0.0108184814453125,8.132049560546875,2.35,2.3133332849790653,16,116.1365047031204,29.0341261757801,60.15952341236037
d_M5,dy09,0.9,150.0,150.00213623046875,0.00213623046875,8.132049560546875,2.35,2.3133332849790653,16,89.9071199586825,22.476779989670625,43.174504715189
d_M5,dy09,0.9,160.0,160.00363159179688,0.003631591796875,8.132049560546875,2.35,2.3133332849790653,16,86.64341810874699,21.660854527186746,42.041989794346534
d_M5,dy09,0.9,170.0,170.0038299560547,0.0038299560546875,8.132049560546875,2.35,2.3133332849790653,16,112.62218046561144,28.15554511640286,62.93720683427097
d_M5,dy09,0.9,180.0,180.00369262695312,0.003692626953125,8.132049560546875,2.35,2.3133332849790653,16,93.9678686339643,23.491967158491075,44.600438642977885
d_M5,dy09,0.9,190.0,190.0024871826172,0.0024871826171875,8.132049560546875,2.35,2.3133332849790653,16,91.67175704983079,22.917939262457697,35.354051940259
d_M5,dy09,0.9,200.0,200.00721740722656,0.0072174072265625,8.132049560546875,2.35,2.3133332849790653,16,71.41987313752493,17.854968284381233,35.45997697215975
d_M5,dy09,0.9,210.0,210.00442504882812,0.004425048828125,8.132049560546875,2.35,2.3133332849790653,16,98.88087154701928,24.72021788675482,48.078934491691
d_M5,dy09,0.9,220.0,220.0050811767578,0.0050811767578125,8.132049560546875,2.35,2.3133332849790653,16,63.40623524769559,15.851558811923898,23.320110344958735
d_M5,dy09,0.9,230.0,230.00802612304688,0.008026123046875,8.132049560546875,2.35,2.3133332849790653,16,88.76753589320568,22.19188397330142,50.80186686395131
d_M5,dy09,0.9,240.0,240.00572204589844,0.0057220458984375,8.132049560546875,2.35,2.3133332849790653,16,89.87814226188107,22.469535565470267,40.14440995555819
d_M5,dy09,0.9,250.0,250.005615234375,0.005615234375,8.132049560546875,2.35,2.3133332849790653,16,73.94979685106408,18.48744921276602,45.047978147210436
d_M5,dy09,0.9,260.0,260.0086975097656,0.008697509765625,8.132049560546875,2.35,2.3133332849790653,16,91.20558120691052,22.80139530172763,36.3058286418432
d_M5,dy09,0.9,270.0,270.0089416503906,0.008941650390625,8.132049560546875,2.35,2.3133332849790653,16,109.01191047471524,27.25297761867881,50.73397259505187
d_M5,dy09,0.9,280.0,280.01068115234375,0.01068115234375,8.132049560546875,2.35,2.3133332849790653,16,98.28964802331382,24.572412005828454,41.484626602622775
d_M5,dy09,0.9,290.0,290.0057678222656,0.005767822265625,8.132049560546875,2.35,2.3133332849790653,16,118.31242521265074,29.578106303162684,64.51352343394304
d_M5,dy09,0.9,300.0,300.0,0.0,8.132049560546875,2.35,2.3133332849790653,16,121.78723906975495,30.446809767438737,58.274750531730064
dq_M5,dy09,0.9,0.0,0.0,0.0,8.132049560546875,2.35,2.3133332849790653,16,580.2683902891357,145.06709757228393,227.45762711864413
dq_M5,dy09,0.9,10.0,10.006834983825684,0.006834983825683594,8.132049560546875,2.35,2.3133332849790653,16,562.0376238538319,140.50940596345797,200.18765290585588
dq_M5,dy09,0.9,20.0,20.000368118286133,0.0003681182861328125,8.132049560546875,2.35,2.3133332849790653,16,524.0051883324213,131.00129708310533,188.6630612672939
dq_M5,dy09,0.9,30.0,30.00543975830078,0.00543975830078125,8.132049560546875,2.35,2.3133332849790653,16,280.2025585324574,70.05063963311434,90.14573245804692
dq_M5,dy09,0.9,40.0,40.00568771362305,0.005687713623046875,8.132049560546875,2.35,2.3133332849790653,16,115.59928323656715,28.899820809141787,38.52672442455481
dq_M5,dy09,0.9,50.0,50.007999420166016,0.007999420166015625,8.132049560546875,2.35,2.3133332849790653,16,105.2154299459628,26.3038574864907,58.229762658127385
dq_M5,dy09,0.9,60.0,60.002803802490234,0.002803802490234375,8.132049560546875,2.35,2.3133332849790653,16,65.65758089055652,16.41439522263913,39.38172718807137
dq_M5,dy09,0.9,70.0,70.00408172607422,0.00408172607421875,8.132049560546875,2.35,2.3133332849790653,16,111.11809294001092,27.77952323500273,46.048175112066886
dq_M5,dy09,0.9,80.0,80.00511169433594,0.0051116943359375,8.132049560546875,2.35,2.3133332849790653,16,80.044682103929,20.01117052598225,51.32198675707871
dq_M5,dy09,0.9,90.0,90.00167846679688,0.001678466796875,8.132049560546875,2.35,2.3133332849790653,16,120.95955888449463,30.239889721123657,58.177332750350985
dq_M5,dy09,0.9,100.0,100.00457000732422,0.00457000732421875,8.132049560546875,2.35,2.3133332849790653,16,118.06369294330204,29.51592323582551,54.267165361824624
dq_M5,dy09,0.9,110.0,110.00169372558594,0.0016937255859375,8.132049560546875,2.35,2.3133332849790653,16,90.38483940270574,22.596209850676434,41.5008277680499
dq_M5,dy09,0.9,120.0,120.00157928466797,0.00157928466796875,8.132049560546875,2.35,2.3133332849790653,16,109.55202184439413,27.388005461098533,47.86253279346525
dq_M5,dy09,0.9,130.0,130.00796508789062,0.007965087890625,8.132049560546875,2.35,2.3133332849790653,16,72.81172033072134,18.202930082680336,45.42362088118624
dq_M5,dy09,0.9,140.0,140.00938415527344,0.0093841552734375,8.132049560546875,2.35,2.3133332849790653,16,91.75588441477127,22.93897110369282,33.27249334117002
dq_M5,dy09,0.9,150.0,150.00335693359375,0.00335693359375,8.132049560546875,2.35,2.3133332849790653,16,90.44807946328478,22.612019865821196,39.214522539559
dq_M5,dy09,0.9,160.0,160.00360107421875,0.00360107421875,8.132049560546875,2.35,2.3133332849790653,16,77.37601227485834,19.344003068714585,32.978191987749085
dq_M5,dy09,0.9,170.0,170.00840759277344,0.0084075927734375,8.132049560546875,2.35,2.3133332849790653,16,76.18908967083374,19.047272417708434,33.197307431672925
dq_M5,dy09,0.9,180.0,180.00643920898438,0.006439208984375,8.132049560546875,2.35,2.3133332849790653,16,58.39312346507272,14.59828086626818,30.648759124947205
dq_M5,dy09,0.9,190.0,190.00473022460938,0.004730224609375,8.132049560546875,2.35,2.3133332849790653,16,80.84026715557133,20.21006678889283,33.38461349590044
dq_M5,dy09,0.9,200.0,200.0076446533203,0.0076446533203125,8.132049560546875,2.35,2.3133332849790653,16,81.28280585149015,20.320701462872538,37.697158037605874
dq_M5,dy09,0.9,210.0,210.00909423828125,0.00909423828125,8.132049560546875,2.35,2.3133332849790653,16,77.95280519916732,19.48820129979183,37.41617661461302
dq_M5,dy09,0.9,220.0,220.0034942626953,0.0034942626953125,8.132049560546875,2.35,2.3133332849790653,16,101.22022108513096,25.30505527128274,68.66086831501363
dq_M5,dy09,0.9,230.0,230.00086975097656,0.0008697509765625,8.132049560546875,2.35,2.3133332849790653,16,66.69480804570078,16.673702011425195,32.556191994636265
dq_M5,dy09,0.9,240.0,240.00914001464844,0.0091400146484375,8.132049560546875,2.35,2.3133332849790653,16,54.90233632936982,13.725584082342454,32.60225752243066
dq_M5,dy09,0.9,250.0,250.0065155029297,0.0065155029296875,8.132049560546875,2.35,2.3133332849790653,16,78.05190571294192,19.51297642823548,38.3271934379965
dq_M5,dy09,0.9,260.0,260.0009460449219,0.000946044921875,8.132049560546875,2.35,2.3133332849790653,16,54.80153032986829,13.700382582467073,32.526488359715664
dq_M5,dy09,0.9,270.0,270.0084228515625,0.0084228515625,8.132049560546875,2.35,2.3133332849790653,16,98.27836013466538,24.569590033666344,40.6220847577763
dq_M5,dy09,0.9,280.0,280.0022888183594,0.002288818359375,8.132049560546875,2.35,2.3133332849790653,16,71.03611921758004,17.75902980439501,32.619643390939814
dq_M5,dy09,0.9,290.0,290.0093994140625,0.0093994140625,8.132049560546875,2.35,2.3133332849790653,16,81.67131737875137,20.417829344687842,31.013244111659134
dq_M5,dy09,0.9,300.0,300.0,0.0,8.132049560546875,2.35,2.3133332849790653,16,65.06824849260937,16.267062123152343,39.49612623958264
d_M5,dy10,1.0,0.0,0.0,0.0,8.132049560546875,2.45,2.4866666151831547,16,580.2683902891357,145.06709757228393,227.45762711864413
d_M5,dy10,1.0,10.0,10.01058292388916,0.010582923889160156,8.132049560546875,2.45,2.4866666151831547,16,570.04873462435,142.5121836560875,209.50335389476717
d_M5,dy10,1.0,20.0,20.005002975463867,0.0050029754638671875,8.132049560546875,2.45,2.4866666151831547,16,541.9238777588755,135.48096943971888,193.4135063300699
d_M5,dy10,1.0,30.0,30.00124168395996,0.0012416839599609375,8.132049560546875,2.45,2.4866666151831547,16,346.1778684657637,86.54446711644093,108.40516801032113
d_M5,dy10,1.0,40.0,40.006187438964844,0.00618743896484375,8.132049560546875,2.45,2.4866666151831547,16,189.26723082340922,47.316807705852305,69.14767885086347
d_M5,dy10,1.0,50.0,50.00764846801758,0.007648468017578125,8.132049560546875,2.45,2.4866666151831547,16,142.99712767514168,35.74928191878542,52.93301297894814
d_M5,dy10,1.0,60.0,60.00835418701172,0.00835418701171875,8.132049560546875,2.45,2.4866666151831547,16,106.427507870312,26.606876967578,59.03435155945142
d_M5,dy10,1.0,70.0,70.00757598876953,0.00757598876953125,8.132049560546875,2.45,2.4866666151831547,16,100.3300576006915,25.082514400172876,55.56684893755782
d_M5,dy10,1.0,80.0,80.00468444824219,0.0046844482421875,8.132049560546875,2.45,2.4866666151831547,16,88.51120282380384,22.12780070595096,55.94751446911926
d_M5,dy10,1.0,90.0,90.00244140625,0.00244140625,8.132049560546875,2.45,2.4866666151831547,16,103.81761281002548,25.95440320250637,56.061530316709145
d_M5,dy10,1.0,100.0,100.00980377197266,0.00980377197265625,8.132049560546875,2.45,2.4866666151831547,16,100.6109596419193,25.152739910479823,55.02332262066198
d_M5,dy10,1.0,110.0,110.0078125,0.0078125,8.132049560546875,2.45,2.4866666151831547,16,84.38272339767467,21.095680849418667,52.79953420447284
d_M5,dy10,1.0,120.0,120.00165557861328,0.00165557861328125,8.132049560546875,2.45,2.4866666151831547,16,121.16971502774423,30.292428756936058,57.08588263815231
d_M5,dy10,1.0,130.0,130.00535583496094,0.0053558349609375,8.132049560546875,2.45,2.4866666151831547,16,132.46415854076815,33.11603963519204,52.805679969619305
d_M5,dy10,1.0,140.0,140.0108184814453,0.0108184814453125,8.132049560546875,2.45,2.4866666151831547,16,136.6134912650274,34.15337281625685,72.80753279651212
d_M5,dy10,1.0,150.0,150.00213623046875,0.00213623046875,8.132049560546875,2.45,2.4866666151831547,16,96.16897841439386,24.042244603598466,52.60060664509741
d_M5,dy10,1.0,160.0,160.00363159179688,0.003631591796875,8.132049560546875,2.45,2.4866666151831547,16,104.70290976789599,26.175727441973997,53.18493287790838
d_M5,dy10,1.0,170.0,170.0038299560547,0.0038299560546875,8.132049560546875,2.45,2.4866666151831547,16,133.00161732682642,33.250404331706605,64.5639274071064
d_M5,dy10,1.0,180.0,180.00369262695312,0.003692626953125,8.132049560546875,2.45,2.4866666151831547,16,113.74319084650631,28.435797711626577,51.27959843138018
d_M5,dy10,1.0,190.0,190.0024871826172,0.0024871826171875,8.132049560546875,2.45,2.4866666151831547,16,100.533824257081,25.13345606427025,45.70325830936542
d_M5,dy10,1.0,200.0,200.00721740722656,0.0072174072265625,8.132049560546875,2.45,2.4866666151831547,16,83.29871368215728,20.82467842053932,34.772384156864135
d_M5,dy10,1.0,210.0,210.00442504882812,0.004425048828125,8.132049560546875,2.45,2.4866666151831547,16,113.75335520139706,28.438338800349264,51.39732563133053
d_M5,dy10,1.0,220.0,220.0050811767578,0.0050811767578125,8.132049560546875,2.45,2.4866666151831547,16,100.49438700013,25.1235967500325,41.26298944186742
d_M5,dy10,1.0,230.0,230.00802612304688,0.008026123046875,8.132049560546875,2.45,2.4866666151831547,16,99.24116327120274,24.810290817800684,52.51765568460642
d_M5,dy10,1.0,240.0,240.00572204589844,0.0057220458984375,8.132049560546875,2.45,2.4866666151831547,16,105.52455657798495,26.381139144496238,48.43141634303177
d_M5,dy10,1.0,250.0,250.005615234375,0.005615234375,8.132049560546875,2.45,2.4866666151831547,16,87.54880542398296,21.88720135599574,50.69122566832503
d_M5,dy10,1.0,260.0,260.0086975097656,0.008697509765625,8.132049560546875,2.45,2.4866666151831547,16,115.19390671503231,28.798476678758078,50.34230475274044
d_M5,dy10,1.0,270.0,270.0089416503906,0.008941650390625,8.132049560546875,2.45,2.4866666151831547,16,119.1095374314569,29.777384357864225,53.89198589657087
d_M5,dy10,1.0,280.0,280.01068115234375,0.01068115234375,8.132049560546875,2.45,2.4866666151831547,16,113.12421071471509,28.281052678678773,51.546227534187615
d_M5,dy10,1.0,290.0,290.0057678222656,0.005767822265625,8.132049560546875,2.45,2.4866666151831547,16,141.89094349092895,35.47273587273224,69.93660382159437
d_M5,dy10,1.0,300.0,300.0,0.0,8.132049560546875,2.45,2.4866666151831547,16,117.54960242095956,29.38740060523989,61.966645062980064
dq_M5,dy10,1.0,0.0,0.0,0.0,8.132049560546875,2.45,2.4866666151831547,16,580.2683902891357,145.06709757228393,227.45762711864413
dq_M5,dy10,1.0,10.0,10.006834983825684,0.006834983825683594,8.132049560546875,2.45,2.4866666151831547,16,564.177664573872,141.044416143468,201.33883186280104
dq_M5,dy10,1.0,20.0,20.000368118286133,0.0003681182861328125,8.132049560546875,2.45,2.4866666151831547,16,534.9512598058484,133.7378149514621,192.62710267406405
dq_M5,dy10,1.0,30.0,30.00543975830078,0.00543975830078125,8.132049560546875,2.45,2.4866666151831547,16,299.27010879152584,74.81752719788146,93.08881083059568
dq_M5,dy10,1.0,40.0,40.00568771362305,0.005687713623046875,8.132049560546875,2.45,2.4866666151831547,16,116.77210473535389,29.193026183838473,47.195116777776526
dq_M5,dy10,1.0,50.0,50.007999420166016,0.007999420166015625,8.132049560546875,2.45,2.4866666151831547,16,120.75160332229741,30.187900830574353,59.0279579632017
dq_M5,dy10,1.0,60.0,60.002803802490234,0.002803802490234375,8.132049560546875,2.45,2.4866666151831547,16,108.59634771377807,27.149086928444518,53.777164952561776
dq_M5,dy10,1.0,70.0,70.00408172607422,0.00408172607421875,8.132049560546875,2.45,2.4866666151831547,16,110.49796928962162,27.624492322405406,54.06556908603275
dq_M5,dy10,1.0,80.0,80.00511169433594,0.0051116943359375,8.132049560546875,2.45,2.4866666151831547,16,96.14156954300276,24.03539238575069,54.5330748034376
dq_M5,dy10,1.0,90.0,90.00167846679688,0.001678466796875,8.132049560546875,2.45,2.4866666151831547,16,118.2158666991735,29.553966674793376,48.025158865091434
dq_M5,dy10,1.0,100.0,100.00457000732422,0.00457000732421875,8.132049560546875,2.45,2.4866666151831547,16,145.87820332439233,36.46955083109808,57.47950322151407
dq_M5,dy10,1.0,110.0,110.00169372558594,0.0016937255859375,8.132049560546875,2.45,2.4866666151831547,16,101.82693582946558,25.456733957366396,48.2659425228412
dq_M5,dy10,1.0,120.0,120.00157928466797,0.00157928466796875,8.132049560546875,2.45,2.4866666151831547,16,126.07678162286754,31.519195405716886,51.28453095628513
dq_M5,dy10,1.0,130.0,130.00796508789062,0.007965087890625,8.132049560546875,2.45,2.4866666151831547,16,94.05554061651117,23.51388515412779,50.551922131448265
dq_M5,dy10,1.0,140.0,140.00938415527344,0.0093841552734375,8.132049560546875,2.45,2.4866666151831547,16,110.31840682030699,27.579601705076747,47.05324566621693
dq_M5,dy10,1.0,150.0,150.00335693359375,0.00335693359375,8.132049560546875,2.45,2.4866666151831547,16,121.30089717255268,30.32522429313817,48.49904960453413
dq_M5,dy10,1.0,160.0,160.00360107421875,0.00360107421875,8.132049560546875,2.45,2.4866666151831547,16,71.07939282040576,17.76984820510144,45.70210038223425
dq_M5,dy10,1.0,170.0,170.00840759277344,0.0084075927734375,8.132049560546875,2.45,2.4866666151831547,16,79.14072884263372,19.78518221065843,37.813488383898736
dq_M5,dy10,1.0,180.0,180.00643920898438,0.006439208984375,8.132049560546875,2.45,2.4866666151831547,16,58.79570785180894,14.698926962952235,33.516821869459775
dq_M5,dy10,1.0,190.0,190.00473022460938,0.004730224609375,8.132049560546875,2.45,2.4866666151831547,16,99.40584608591077,24.85146152147769,46.433994961028475
dq_M5,dy10,1.0,200.0,200.0076446533203,0.0076446533203125,8.132049560546875,2.45,2.4866666151831547,16,87.17949449518308,21.79487362379577,43.45543977636899
dq_M5,dy10,1.0,210.0,210.00909423828125,0.00909423828125,8.132049560546875,2.45,2.4866666151831547,16,84.94792014550134,21.236980036375336,33.71576130381867
dq_M5,dy10,1.0,220.0,220.0034942626953,0.0034942626953125,8.132049560546875,2.45,2.4866666151831547,16,99.32815398846407,24.832038497116017,61.702733401441805
dq_M5,dy10,1.0,230.0,230.00086975097656,0.0008697509765625,8.132049560546875,2.45,2.4866666151831547,16,77.57114597266157,19.392786493165392,45.43382313491186
dq_M5,dy10,1.0,240.0,240.00914001464844,0.0091400146484375,8.132049560546875,2.45,2.4866666151831547,16,67.87656134606229,16.969140336515572,45.660822446533935
dq_M5,dy10,1.0,250.0,250.0065155029297,0.0065155029296875,8.132049560546875,2.45,2.4866666151831547,16,69.18850246576308,17.29712561644077,37.38485059257668
dq_M5,dy10,1.0,260.0,260.0009460449219,0.000946044921875,8.132049560546875,2.45,2.4866666151831547,16,78.00607509636174,19.501518774090435,39.324264565780695
dq_M5,dy10,1.0,270.0,270.0084228515625,0.0084228515625,8.132049560546875,2.45,2.4866666151831547,16,88.6751814433996,22.1687953608499,46.98706832816657
dq_M5,dy10,1.0,280.0,280.0022888183594,0.002288818359375,8.132049560546875,2.45,2.4866666151831547,16,102.02966483670957,25.507416209177393,41.96808087978003
dq_M5,dy10,1.0,290.0,290.0093994140625,0.0093994140625,8.132049560546875,2.45,2.4866666151831547,16,106.21334425541757,26.553336063854392,43.89157807735658
dq_M5,dy10,1.0,300.0,300.0,0.0,8.132049560546875,2.45,2.4866666151831547,16,77.50160768233526,19.375401920583815,46.9700720286408
d_M5,dy11,1.1,0.0,0.0,0.0,8.132049560546875,2.55,2.5733332802851994,16,580.2683902891357,145.06709757228393,227.45762711864413
d_M5,dy11,1.1,10.0,10.01058292388916,0.010582923889160156,8.132049560546875,2.55,2.5733332802851994,16,569.3679119872475,142.34197799681186,209.16435319286288
d_M5,dy11,1.1,20.0,20.005002975463867,0.0050029754638671875,8.132049560546875,2.55,2.5733332802851994,16,540.0300333664549,135.00750834161371,189.16571885448397
d_M5,dy11,1.1,30.0,30.00124168395996,0.0012416839599609375,8.132049560546875,2.55,2.5733332802851994,16,338.41979029737917,84.60494757434479,107.80183076205319
d_M5,dy11,1.1,40.0,40.006187438964844,0.00618743896484375,8.132049560546875,2.55,2.5733332802851994,16,193.62286231338692,48.40571557834673,70.53589357155117
d_M5,dy11,1.1,50.0,50.00764846801758,0.007648468017578125,8.132049560546875,2.55,2.5733332802851994,16,147.00215310542802,36.750538276357005,55.69194333182981
d_M5,dy11,1.1,60.0,60.00835418701172,0.00835418701171875,8.132049560546875,2.55,2.5733332802851994,16,114.1791244975029,28.544781124375724,59.41932888509282
d_M5,dy11,1.1,70.0,70.00757598876953,0.00757598876953125,8.132049560546875,2.55,2.5733332802851994,16,109.14563797641563,27.286409494103907,58.10889057219651
d_M5,dy11,1.1,80.0,80.00468444824219,0.0046844482421875,8.132049560546875,2.55,2.5733332802851994,16,100.48007436315812,25.12001859078953,57.337306006922915
d_M5,dy11,1.1,90.0,90.00244140625,0.00244140625,8.132049560546875,2.55,2.5733332802851994,16,115.95054104167457,28.987635260418642,60.701800945770024
d_M5,dy11,1.1,100.0,100.00980377197266,0.00980377197265625,8.132049560546875,2.55,2.5733332802851994,16,110.04974875339646,27.512437188349114,55.38636975612777
d_M5,dy11,1.1,110.0,110.0078125,0.0078125,8.132049560546875,2.55,2.5733332802851994,16,97.14312877960438,24.285782194901095,53.89647247477421
d_M5,dy11,1.1,120.0,120.00165557861328,0.00165557861328125,8.132049560546875,2.55,2.5733332802851994,16,130.25432879487533,32.563582198718834,55.913420658364004
d_M5,dy11,1.1,130.0,130.00535583496094,0.0053558349609375,8.132049560546875,2.55,2.5733332802851994,16,137.2463297470291,34.31158243675728,55.709243747843146
d_M5,dy11,1.1,140.0,140.0108184814453,0.0108184814453125,8.132049560546875,2.55,2.5733332802851994,16,144.3043478814367,36.07608697035918,74.00248202254605
d_M5,dy11,1.1,150.0,150.00213623046875,0.00213623046875,8.132049560546875,2.55,2.5733332802851994,16,99.53652943267916,24.88413235816979,53.49050002964959
d_M5,dy11,1.1,160.0,160.00363159179688,0.003631591796875,8.132049560546875,2.55,2.5733332802851994,16,114.33942067439783,28.584855168599457,59.68419731535158
d_M5,dy11,1.1,170.0,170.0038299560547,0.0038299560546875,8.132049560546875,2.55,2.5733332802851994,16,142.82784911925378,35.706962279813446,66.73081757293271
d_M5,dy11,1.1,180.0,180.00369262695312,0.003692626953125,8.132049560546875,2.55,2.5733332802851994,16,126.43985496379591,31.609963740948977,52.3179689637187
d_M5,dy11,1.1,190.0,190.0024871826172,0.0024871826171875,8.132049560546875,2.55,2.5733332802851994,16,109.82819157450423,27.457047893626058,50.16371194597239
d_M5,dy11,1.1,200.0,200.00721740722656,0.0072174072265625,8.132049560546875,2.55,2.5733332802851994,16,95.76280071131607,23.94070017782902,42.86663444728067
d_M5,dy11,1.1,210.0,210.00442504882812,0.004425048828125,8.132049560546875,2.55,2.5733332802851994,16,124.76478822384351,31.191197055960878,54.97341633750858
d_M5,dy11,1.1,220.0,220.0050811767578,0.0050811767578125,8.132049560546875,2.55,2.5733332802851994,16,115.27105165161882,28.817762912904705,46.90505920686492
d_M5,dy11,1.1,230.0,230.00802612304688,0.008026123046875,8.132049560546875,2.55,2.5733332802851994,16,105.68790737829809,26.421976844574523,55.694218126504694
d_M5,dy11,1.1,240.0,240.00572204589844,0.0057220458984375,8.132049560546875,2.55,2.5733332802851994,16,113.12088448979439,28.280221122448598,51.862543992661855
d_M5,dy11,1.1,250.0,250.005615234375,0.005615234375,8.132049560546875,2.55,2.5733332802851994,16,96.18047764808219,24.045119412020547,51.37764608641359
d_M5,dy11,1.1,260.0,260.0086975097656,0.008697509765625,8.132049560546875,2.55,2.5733332802851994,16,128.82455599952868,32.20613899988217,53.32075902594749
d_M5,dy11,1.1,270.0,270.0089416503906,0.008941650390625,8.132049560546875,2.55,2.5733332802851994,16,125.74267964068883,31.43566991017221,57.937557802361965
d_M5,dy11,1.1,280.0,280.01068115234375,0.01068115234375,8.132049560546875,2.55,2.5733332802851994,16,120.70108251462962,30.175270628657405,52.26438533277226
d_M5,dy11,1.1,290.0,290.0057678222656,0.005767822265625,8.132049560546875,2.55,2.5733332802851994,16,149.43445115626815,37.35861278906704,66.68504351830023
d_M5,dy11,1.1,300.0,300.0,0.0,8.132049560546875,2.55,2.5733332802851994,16,124.15254541331282,31.038136353328206,63.701020062980064
dq_M5,dy11,1.1,0.0,0.0,0.0,8.132049560546875,2.55,2.5733332802851994,16,580.2683902891357,145.06709757228393,227.45762711864413
dq_M5,dy11,1.1,10.0,10.006834983825684,0.006834983825683594,8.132049560546875,2.55,2.5733332802851994,16,562.709239381496,140.677309845374,200.37186211966184
dq_M5,dy11,1.1,20.0,20.000368118286133,0.0003681182861328125,8.132049560546875,2.55,2.5733332802851994,16,534.1412263192935,133.53530657982338,190.51093751293124
dq_M5,dy11,1.1,30.0,30.00543975830078,0.00543975830078125,8.132049560546875,2.55,2.5733332802851994,16,303.9359011556184,75.9839752889046,93.49648409175406
dq_M5,dy11,1.1,40.0,40.00568771362305,0.005687713623046875,8.132049560546875,2.55,2.5733332802851994,16,117.17360040750492,29.29340010187623,53.148463420810344
dq_M5,dy11,1.1,50.0,50.007999420166016,0.007999420166015625,8.132049560546875,2.55,2.5733332802851994,16,131.9407703453927,32.98519258634818,59.480551000258075
dq_M5,dy11,1.1,60.0,60.002803802490234,0.002803802490234375,8.132049560546875,2.55,2.5733332802851994,16,143.8327963871137,35.95819909677842,56.33959785303771
dq_M5,dy11,1.1,70.0,70.00408172607422,0.00408172607421875,8.132049560546875,2.55,2.5733332802851994,16,118.24719329414297,29.561798323535744,54.428039076490464
dq_M5,dy11,1.1,80.0,80.00511169433594,0.0051116943359375,8.132049560546875,2.55,2.5733332802851994,16,108.41090463339413,27.10272615834853,54.846946901862125
dq_M5,dy11,1.1,90.0,90.00167846679688,0.001678466796875,8.132049560546875,2.55,2.5733332802851994,16,122.29469780172596,30.57367445043149,50.55213005636306
dq_M5,dy11,1.1,100.0,100.00457000732422,0.00457000732421875,8.132049560546875,2.55,2.5733332802851994,16,172.99403306512824,43.24850826628206,66.04271347262008
dq_M5,dy11,1.1,110.0,110.00169372558594,0.0016937255859375,8.132049560546875,2.55,2.5733332802851994,16,110.35250959463289,27.588127398658223,49.70455427371295
dq_M5,dy11,1.1,120.0,120.00157928466797,0.00157928466796875,8.132049560546875,2.55,2.5733332802851994,16,145.1278725771666,36.28196814429165,52.769219479318394
dq_M5,dy11,1.1,130.0,130.00796508789062,0.007965087890625,8.132049560546875,2.55,2.5733332802851994,16,109.8728808773443,27.468220219336075,51.057415491692666
dq_M5,dy11,1.1,140.0,140.00938415527344,0.0093841552734375,8.132049560546875,2.55,2.5733332802851994,16,131.26664742574675,32.81666185643669,49.309519894637326
dq_M5,dy11,1.1,150.0,150.00335693359375,0.00335693359375,8.132049560546875,2.55,2.5733332802851994,16,139.0220078312823,34.75550195782058,54.19432394693305
dq_M5,dy11,1.1,160.0,160.00360107421875,0.00360107421875,8.132049560546875,2.55,2.5733332802851994,16,74.73583062690555,18.68395765672639,48.604045610624915
dq_M5,dy11,1.1,170.0,170.00840759277344,0.0084075927734375,8.132049560546875,2.55,2.5733332802851994,16,84.4895077375085,21.122376934377126,46.12249005983953
dq_M5,dy11,1.1,180.0,180.00643920898438,0.006439208984375,8.132049560546875,2.55,2.5733332802851994,16,69.84948863730253,17.462372159325632,43.91926410897358
dq_M5,dy11,1.1,190.0,190.00473022460938,0.004730224609375,8.132049560546875,2.55,2.5733332802851994,16,117.03127047850954,29.257817619627385,49.18148829573292
dq_M5,dy11,1.1,200.0,200.0076446533203,0.0076446533203125,8.132049560546875,2.55,2.5733332802851994,16,90.31140124326734,22.577850310816835,45.93538125806267
dq_M5,dy11,1.1,210.0,210.00909423828125,0.00909423828125,8.132049560546875,2.55,2.5733332802851994,16,101.18354718396904,25.29588679599226,47.18199504465246
dq_M5,dy11,1.1,220.0,220.0034942626953,0.0034942626953125,8.132049560546875,2.55,2.5733332802851994,16,101.43963640233301,25.359909100583252,50.476027666512124
dq_M5,dy11,1.1,230.0,230.00086975097656,0.0008697509765625,8.132049560546875,2.55,2.5733332802851994,16,86.17720034335906,21.544300085839765,47.609401238332744
dq_M5,dy11,1.1,240.0,240.00914001464844,0.0091400146484375,8.132049560546875,2.55,2.5733332802851994,16,91.43879002171035,22.859697505427587,48.72822199073722
dq_M5,dy11,1.1,250.0,250.0065155029297,0.0065155029296875,8.132049560546875,2.55,2.5733332802851994,16,78.21271953921237,19.553179884803093,44.52828428234332
dq_M5,dy11,1.1,260.0,260.0009460449219,0.000946044921875,8.132049560546875,2.55,2.5733332802851994,16,95.64319156729391,23.910797891823478,44.87130172451383
dq_M5,dy11,1.1,270.0,270.0084228515625,0.0084228515625,8.132049560546875,2.55,2.5733332802851994,16,92.68782633744848,23.17195658436212,48.21590007084938
dq_M5,dy11,1.1,280.0,280.0022888183594,0.002288818359375,8.132049560546875,2.55,2.5733332802851994,16,128.23082901098766,32.057707252746916,50.67117054312419
dq_M5,dy11,1.1,290.0,290.0093994140625,0.0093994140625,8.132049560546875,2.55,2.5733332802851994,16,118.33722188288503,29.584305470721258,46.68693488807226
dq_M5,dy11,1.1,300.0,300.0,0.0,8.132049560546875,2.55,2.5733332802851994,16,89.28418067861615,22.321045169654038,48.15275136550396
d_M5,dy12,1.2,0.0,0.0,0.0,8.132049560546875,2.65,2.659999945387244,16,580.2683902891357,145.06709757228393,227.45762711864413
d_M5,dy12,1.2,10.0,10.01058292388916,0.010582923889160156,8.132049560546875,2.65,2.659999945387244,16,565.9724400131664,141.4931100032916,207.56983643871249
d_M5,dy12,1.2,20.0,20.005002975463867,0.0050029754638671875,8.132049560546875,2.65,2.659999945387244,16,535.831040643738,133.9577601609345,185.07467728954256
d_M5,dy12,1.2,30.0,30.00124168395996,0.0012416839599609375,8.132049560546875,2.65,2.659999945387244,16,314.1552966910588,78.5388241727647,108.19326235928614
d_M5,dy12,1.2,40.0,40.006187438964844,0.00618743896484375,8.132049560546875,2.65,2.659999945387244,16,196.26185113356706,49.065462783391766,71.71052931764991
d_M5,dy12,1.2,50.0,50.00764846801758,0.007648468017578125,8.132049560546875,2.65,2.659999945387244,16,159.3515429816833,39.83788574542083,57.849318781778095
d_M5,dy12,1.2,60.0,60.00835418701172,0.00835418701171875,8.132049560546875,2.65,2.659999945387244,16,121.79933018348535,30.449832545871338,60.045215259496196
d_M5,dy12,1.2,70.0,70.00757598876953,0.00757598876953125,8.132049560546875,2.65,2.659999945387244,16,121.10738086508147,30.276845216270367,58.90979098122275
d_M5,dy12,1.2,80.0,80.00468444824219,0.0046844482421875,8.132049560546875,2.65,2.659999945387244,16,117.80386479004508,29.45096619751127,57.74382094017225
d_M5,dy12,1.2,90.0,90.00244140625,0.00244140625,8.132049560546875,2.65,2.659999945387244,16,129.08185042113809,32.27046260528452,63.4728459574547
d_M5,dy12,1.2,100.0,100.00980377197266,0.00980377197265625,8.132049560546875,2.65,2.659999945387244,16,122.76422543933238,30.691056359833095,55.472998923095105
d_M5,dy12,1.2,110.0,110.0078125,0.0078125,8.132049560546875,2.65,2.659999945387244,16,110.5728312560083,27.643207814002075,58.61050592001337
d_M5,dy12,1.2,120.0,120.00165557861328,0.00165557861328125,8.132049560546875,2.65,2.659999945387244,16,136.30912463054486,34.077281157636214,59.89884138849072
d_M5,dy12,1.2,130.0,130.00535583496094,0.0053558349609375,8.132049560546875,2.65,2.659999945387244,16,144.23016051208694,36.057540128021735,54.750425964490105
d_M5,dy12,1.2,140.0,140.0108184814453,0.0108184814453125,8.132049560546875,2.65,2.659999945387244,16,151.18092615915435,37.79523153978859,82.11025432004764
d_M5,dy12,1.2,150.0,150.00213623046875,0.00213623046875,8.132049560546875,2.65,2.659999945387244,16,111.78044771232659,27.945111928081648,53.58227234161284
d_M5,dy12,1.2,160.0,160.00363159179688,0.003631591796875,8.132049560546875,2.65,2.659999945387244,16,120.82931299925328,30.20732824981332,60.07731083537135
d_M5,dy12,1.2,170.0,170.0038299560547,0.0038299560546875,8.132049560546875,2.65,2.659999945387244,16,154.48175132432198,38.620437831080494,70.09792686233894
d_M5,dy12,1.2,180.0,180.00369262695312,0.003692626953125,8.132049560546875,2.65,2.659999945387244,16,135.2840626920858,33.82101567302145,56.41735416391984
d_M5,dy12,1.2,190.0,190.0024871826172,0.0024871826171875,8.132049560546875,2.65,2.659999945387244,16,119.88458117190184,29.97114529297546,51.82464985596156
d_M5,dy12,1.2,200.0,200.00721740722656,0.0072174072265625,8.132049560546875,2.65,2.659999945387244,16,108.58784931035453,27.146962327588632,48.564276738429186
d_M5,dy12,1.2,210.0,210.00442504882812,0.004425048828125,8.132049560546875,2.65,2.659999945387244,16,137.25500156349338,34.313750390873345,61.29697987893245
d_M5,dy12,1.2,220.0,220.0050811767578,0.0050811767578125,8.132049560546875,2.65,2.659999945387244,16,122.62082156082893,30.655205390207232,49.59102362160453
d_M5,dy12,1.2,230.0,230.00802612304688,0.008026123046875,8.132049560546875,2.65,2.659999945387244,16,110.7613812538105,27.690345313452625,59.47354261222506
d_M5,dy12,1.2,240.0,240.00572204589844,0.0057220458984375,8.132049560546875,2.65,2.659999945387244,16,119.69269090002622,29.923172725006555,53.04844041952323
d_M5,dy12,1.2,250.0,250.005615234375,0.005615234375,8.132049560546875,2.65,2.659999945387244,16,106.66416124771463,26.666040311928658,51.545046632074545
d_M5,dy12,1.2,260.0,260.0086975097656,0.008697509765625,8.132049560546875,2.65,2.659999945387244,16,134.21938264823825,33.55484566205956,60.73887948876943
d_M5,dy12,1.2,270.0,270.0089416503906,0.008941650390625,8.132049560546875,2.65,2.659999945387244,16,131.9522778628043,32.988069465701074,60.557800820844214
d_M5,dy12,1.2,280.0,280.01068115234375,0.01068115234375,8.132049560546875,2.65,2.659999945387244,16,127.43200327717923,31.85800081929481,56.35429111920905
d_M5,dy12,1.2,290.0,290.0057678222656,0.005767822265625,8.132049560546875,2.65,2.659999945387244,16,156.79383081516562,39.198457703791405,65.28767784637671
d_M5,dy12,1.2,300.0,300.0,0.0,8.132049560546875,2.65,2.659999945387244,16,134.28859672671436,33.57214918167859,63.88446122508944
dq_M5,dy12,1.2,0.0,0.0,0.0,8.132049560546875,2.65,2.659999945387244,16,580.2683902891357,145.06709757228393,227.45762711864413
dq_M5,dy12,1.2,10.0,10.006834983825684,0.006834983825683594,8.132049560546875,2.65,2.659999945387244,16,558.997434349793,139.74935858744826,198.8734466215284
dq_M5,dy12,1.2,20.0,20.000368118286133,0.0003681182861328125,8.132049560546875,2.65,2.659999945387244,16,526.8167675268329,131.70419188170823,186.5439346442789
dq_M5,dy12,1.2,30.0,30.00543975830078,0.00543975830078125,8.132049560546875,2.65,2.659999945387244,16,294.2938512658234,73.57346281645584,93.62356373946575
dq_M5,dy12,1.2,40.0,40.00568771362305,0.005687713623046875,8.132049560546875,2.65,2.659999945387244,16,118.70721282689956,29.67680320672489,56.5717802847071
dq_M5,dy12,1.2,50.0,50.007999420166016,0.007999420166015625,8.132049560546875,2.65,2.659999945387244,16,156.97500869369844,39.24375217342461,64.95840468626994
dq_M5,dy12,1.2,60.0,60.002803802490234,0.002803802490234375,8.132049560546875,2.65,2.659999945387244,16,177.84704787335622,44.461761968339054,66.84551120507408
dq_M5,dy12,1.2,70.0,70.00408172607422,0.00408172607421875,8.132049560546875,2.65,2.659999945387244,16,135.07992579406803,33.76998144851701,60.61529866775007
dq_M5,dy12,1.2,80.0,80.00511169433594,0.0051116943359375,8.132049560546875,2.65,2.659999945387244,16,135.60767228931343,33.90191807232836,56.53216356552473
dq_M5,dy12,1.2,90.0,90.00167846679688,0.001678466796875,8.132049560546875,2.65,2.659999945387244,16,142.11441268769795,35.52860317192449,55.64120416085456
dq_M5,dy12,1.2,100.0,100.00457000732422,0.00457000732421875,8.132049560546875,2.65,2.659999945387244,16,215.25686412555788,53.81421603138947,85.02644658492784
dq_M5,dy12,1.2,110.0,110.00169372558594,0.0016937255859375,8.132049560546875,2.65,2.659999945387244,16,123.98401224526236,30.99600306131559,51.515764693027045
dq_M5,dy12,1.2,120.0,120.00157928466797,0.00157928466796875,8.132049560546875,2.65,2.659999945387244,16,181.9121749377812,45.4780437344453,78.9179462072382
dq_M5,dy12,1.2,130.0,130.00796508789062,0.007965087890625,8.132049560546875,2.65,2.659999945387244,16,124.22074581622621,31.055186454056553,51.313954288012354
dq_M5,dy12,1.2,140.0,140.00938415527344,0.0093841552734375,8.132049560546875,2.65,2.659999945387244,16,156.71944391533458,39.179860978833645,55.651898074321736
dq_M5,dy12,1.2,150.0,150.00335693359375,0.00335693359375,8.132049560546875,2.65,2.659999945387244,16,162.16346456001966,40.540866140004916,62.133278504197335
dq_M5,dy12,1.2,160.0,160.00360107421875,0.00360107421875,8.132049560546875,2.65,2.659999945387244,16,89.49392461064137,22.373481152660343,49.37033277635151
dq_M5,dy12,1.2,170.0,170.00840759277344,0.0084075927734375,8.132049560546875,2.65,2.659999945387244,16,102.46590394364628,25.61647598591157,48.23897267827196
dq_M5,dy12,1.2,180.0,180.00643920898438,0.006439208984375,8.132049560546875,2.65,2.659999945387244,16,95.91193769136939,23.977984422842347,47.932047233909245
dq_M5,dy12,1.2,190.0,190.00473022460938,0.004730224609375,8.132049560546875,2.65,2.659999945387244,16,137.38533353647415,34.34633338411854,58.96397399902344
dq_M5,dy12,1.2,200.0,200.0076446533203,0.0076446533203125,8.132049560546875,2.65,2.659999945387244,16,101.02490064871145,25.256225162177863,47.0396811961574
dq_M5,dy12,1.2,210.0,210.00909423828125,0.00909423828125,8.132049560546875,2.65,2.659999945387244,16,117.33227890789402,29.333069726973505,53.078438169197284
dq_M5,dy12,1.2,220.0,220.0034942626953,0.0034942626953125,8.132049560546875,2.65,2.659999945387244,16,120.82483904217375,30.206209760543437,52.997573076668374
dq_M5,dy12,1.2,230.0,230.00086975097656,0.0008697509765625,8.132049560546875,2.65,2.659999945387244,16,102.60271752104663,25.650679380261657,48.185254970503586
dq_M5,dy12,1.2,240.0,240.00914001464844,0.0091400146484375,8.132049560546875,2.65,2.659999945387244,16,126.27634601864885,31.569086504662213,55.540282942730016
dq_M5,dy12,1.2,250.0,250.0065155029297,0.0065155029296875,8.132049560546875,2.65,2.659999945387244,16,99.56980840648545,24.892452101621362,51.642275229003005
dq_M5,dy12,1.2,260.0,260.0009460449219,0.000946044921875,8.132049560546875,2.65,2.659999945387244,16,120.5997863274643,30.149946581866075,48.80228467648567
dq_M5,dy12,1.2,270.0,270.0084228515625,0.0084228515625,8.132049560546875,2.65,2.659999945387244,16,104.94074748109688,26.23518687027422,48.75346209639209
dq_M5,dy12,1.2,280.0,280.0022888183594,0.002288818359375,8.132049560546875,2.65,2.659999945387244,16,149.5044721795394,37.37611804488485,58.27521875725566
dq_M5,dy12,1.2,290.0,290.0093994140625,0.0093994140625,8.132049560546875,2.65,2.659999945387244,16,130.5625232534193,32.640630813354825,47.54537931937808
dq_M5,dy12,1.2,300.0,300.0,0.0,8.132049560546875,2.65,2.659999945387244,16,99.61448513174012,24.90362128293503,52.07946137427619
d_M5,dy13,1.3,0.0,0.0,0.0,8.132049560546875,2.75,2.7466666104892887,16,580.2683902891357,145.06709757228393,227.45762711864413
d_M5,dy13,1.3,10.0,10.01058292388916,0.010582923889160156,8.132049560546875,2.75,2.7466666104892887,16,559.7165073974844,139.9291268493711,204.920243085441
d_M5,dy13,1.3,20.0,20.005002975463867,0.0050029754638671875,8.132049560546875,2.75,2.7466666104892887,16,526.9252658877233,131.73131647193082,182.94114762645663
d_M5,dy13,1.3,30.0,30.00124168395996,0.0012416839599609375,8.132049560546875,2.75,2.7466666104892887,16,291.40762443907545,72.85190610976886,111.26157407935548
d_M5,dy13,1.3,40.0,40.006187438964844,0.00618743896484375,8.132049560546875,2.75,2.7466666104892887,16,194.1365933529485,48.534148338237124,74.02700118185999
d_M5,dy13,1.3,50.0,50.00764846801758,0.007648468017578125,8.132049560546875,2.75,2.7466666104892887,16,175.66159835252404,43.91539958813101,65.5747246947066
d_M5,dy13,1.3,60.0,60.00835418701172,0.00835418701171875,8.132049560546875,2.75,2.7466666104892887,16,131.36041076938076,32.84010269234519,65.17895406134477
d_M5,dy13,1.3,70.0,70.00757598876953,0.00757598876953125,8.132049560546875,2.75,2.7466666104892887,16,137.4875607234983,34.37189018087457,59.11813389875785
d_M5,dy13,1.3,80.0,80.00468444824219,0.0046844482421875,8.132049560546875,2.75,2.7466666104892887,16,130.42718455124805,32.60679613781201,57.861795118299575
d_M5,dy13,1.3,90.0,90.00244140625,0.00244140625,8.132049560546875,2.75,2.7466666104892887,16,137.3939215822146,34.34848039555365,68.81559945171381
d_M5,dy13,1.3,100.0,100.00980377197266,0.00980377197265625,8.132049560546875,2.75,2.7466666104892887,16,138.00588336014494,34.501470840036234,58.27874271560219
d_M5,dy13,1.3,110.0,110.0078125,0.0078125,8.132049560546875,2.75,2.7466666104892887,16,121.76543593296545,30.44135898324136,62.09790375981666
d_M5,dy13,1.3,120.0,120.00165557861328,0.00165557861328125,8.132049560546875,2.75,2.7466666104892887,16,142.81196009199817,35.70299002299954,65.4419227575298
d_M5,dy13,1.3,130.0,130.00535583496094,0.0053558349609375,8.132049560546875,2.75,2.7466666104892887,16,155.59226575996786,38.898066439991965,62.15068889765831
d_M5,dy13,1.3,140.0,140.0108184814453,0.0108184814453125,8.132049560546875,2.75,2.7466666104892887,16,153.45922372278943,38.36480593069736,80.24184180534934
d_M5,dy13,1.3,150.0,150.00213623046875,0.00213623046875,8.132049560546875,2.75,2.7466666104892887,16,129.91532938681667,32.478832346704166,58.602014671380594
d_M5,dy13,1.3,160.0,160.00363159179688,0.003631591796875,8.132049560546875,2.75,2.7466666104892887,16,126.87849832420454,31.719624581051136,59.13773820592324
d_M5,dy13,1.3,170.0,170.0038299560547,0.0038299560546875,8.132049560546875,2.75,2.7466666104892887,16,169.8117779675359,42.452944491883976,73.73506260737484
d_M5,dy13,1.3,180.0,180.00369262695312,0.003692626953125,8.132049560546875,2.75,2.7466666104892887,16,143.91321245800003,35.97830311450001,58.898077885734274
d_M5,dy13,1.3,190.0,190.0024871826172,0.0024871826171875,8.132049560546875,2.75,2.7466666104892887,16,133.91099345258348,33.47774836314587,52.31145922003418
d_M5,dy13,1.3,200.0,200.00721740722656,0.0072174072265625,8.132049560546875,2.75,2.7466666104892887,16,119.68358992579891,29.920897481449728,51.56992290533139
d_M5,dy13,1.3,210.0,210.00442504882812,0.004425048828125,8.132049560546875,2.75,2.7466666104892887,16,152.28904120275934,38.072260300689834,68.49834678088371
d_M5,dy13,1.3,220.0,220.0050811767578,0.0050811767578125,8.132049560546875,2.75,2.7466666104892887,16,130.8472972116208,32.7118243029052,52.605573085114436
d_M5,dy13,1.3,230.0,230.00802612304688,0.008026123046875,8.132049560546875,2.75,2.7466666104892887,16,116.3689873896696,29.0922468474174,60.838842900800756
d_M5,dy13,1.3,240.0,240.00572204589844,0.0057220458984375,8.132049560546875,2.75,2.7466666104892887,16,126.64165153681967,31.660412884204916,55.61977041141323
d_M5,dy13,1.3,250.0,250.005615234375,0.005615234375,8.132049560546875,2.75,2.7466666104892887,16,118.63564580415654,29.658911451039135,56.862543188891784
d_M5,dy13,1.3,260.0,260.0086975097656,0.008697509765625,8.132049560546875,2.75,2.7466666104892887,16,135.90525569471464,33.97631392367866,62.68788118984631
d_M5,dy13,1.3,270.0,270.0089416503906,0.008941650390625,8.132049560546875,2.75,2.7466666104892887,16,138.77509825068117,34.69377456267029,66.19601115113153
d_M5,dy13,1.3,280.0,280.01068115234375,0.01068115234375,8.132049560546875,2.75,2.7466666104892887,16,135.52385344049134,33.880963360122834,59.38415326556226
d_M5,dy13,1.3,290.0,290.0057678222656,0.005767822265625,8.132049560546875,2.75,2.7466666104892887,16,163.80635768566012,40.95158942141503,71.42921382566601
d_M5,dy13,1.3,300.0,300.0,0.0,8.132049560546875,2.75,2.7466666104892887,16,146.18354686985458,36.545886717463645,62.7255409370035
dq_M5,dy13,1.3,0.0,0.0,0.0,8.132049560546875,2.75,2.7466666104892887,16,580.2683902891357,145.06709757228393,227.45762711864413
dq_M5,dy13,1.3,10.0,10.006834983825684,0.006834983825683594,8.132049560546875,2.75,2.7466666104892887,16,552.8587359031899,138.21468397579747,196.64483338695467
dq_M5,dy13,1.3,20.0,20.000368118286133,0.0003681182861328125,8.132049560546875,2.75,2.7466666104892887,16,505.68705239919694,126.42176309979924,177.6147468696207
dq_M5,dy13,1.3,30.0,30.00543975830078,0.00543975830078125,8.132049560546875,2.75,2.7466666104892887,16,278.69087301983967,69.67271825495992,94.90840674675562
dq_M5,dy13,1.3,40.0,40.00568771362305,0.005687713623046875,8.132049560546875,2.75,2.7466666104892887,16,129.94663093103097,32.48665773275774,58.0041432569994
dq_M5,dy13,1.3,50.0,50.007999420166016,0.007999420166015625,8.132049560546875,2.75,2.7466666104892887,16,195.33579799599295,48.83394949899824,77.99646356749591
dq_M5,dy13,1.3,60.0,60.002803802490234,0.002803802490234375,8.132049560546875,2.75,2.7466666104892887,16,209.81916330480638,52.454790826201595,79.43532275821431
dq_M5,dy13,1.3,70.0,70.00408172607422,0.00408172607421875,8.132049560546875,2.75,2.7466666104892887,16,161.68871804742997,40.42217951185749,62.78237217818334
dq_M5,dy13,1.3,80.0,80.00511169433594,0.0051116943359375,8.132049560546875,2.75,2.7466666104892887,16,175.1454668691882,43.78636671729705,77.5541143831422
dq_M5,dy13,1.3,90.0,90.00167846679688,0.001678466796875,8.132049560546875,2.75,2.7466666104892887,16,164.40055988344028,41.10013997086007,69.62232426841985
dq_M5,dy13,1.3,100.0,100.00457000732422,0.00457000732421875,8.132049560546875,2.75,2.7466666104892887,16,242.2050212598454,60.55125531496135,98.85743483451941
dq_M5,dy13,1.3,110.0,110.00169372558594,0.0016937255859375,8.132049560546875,2.75,2.7466666104892887,16,142.44239774985866,35.610599437464664,56.91618411823857
dq_M5,dy13,1.3,120.0,120.00157928466797,0.00157928466796875,8.132049560546875,2.75,2.7466666104892887,16,214.74062907773956,53.68515726943489,98.5982188447766
dq_M5,dy13,1.3,130.0,130.00796508789062,0.007965087890625,8.132049560546875,2.75,2.7466666104892887,16,139.6241480489963,34.90603701224907,54.99591162854069
dq_M5,dy13,1.3,140.0,140.00938415527344,0.0093841552734375,8.132049560546875,2.75,2.7466666104892887,16,176.6144562624558,44.15361406561395,65.95528104882638
dq_M5,dy13,1.3,150.0,150.00335693359375,0.00335693359375,8.132049560546875,2.75,2.7466666104892887,16,190.30290170777758,47.575725426944395,78.79251436614808
dq_M5,dy13,1.3,160.0,160.00360107421875,0.00360107421875,8.132049560546875,2.75,2.7466666104892887,16,111.54220059499066,27.885550148747665,49.691505759836815
dq_M5,dy13,1.3,170.0,170.00840759277344,0.0084075927734375,8.132049560546875,2.75,2.7466666104892887,16,131.19271416939782,32.798178542349454,55.70905062514052
dq_M5,dy13,1.3,180.0,180.00643920898438,0.006439208984375,8.132049560546875,2.75,2.7466666104892887,16,129.35172971870065,32.33793242967516,63.45630609438368
dq_M5,dy13,1.3,190.0,190.00473022460938,0.004730224609375,8.132049560546875,2.75,2.7466666104892887,16,150.29164883210848,37.57291220802712,66.9886540274955
dq_M5,dy13,1.3,200.0,200.0076446533203,0.0076446533203125,8.132049560546875,2.75,2.7466666104892887,16,118.453331297317,29.61333282432925,48.02253315103892
dq_M5,dy13,1.3,210.0,210.00909423828125,0.00909423828125,8.132049560546875,2.75,2.7466666104892887,16,132.28711014041468,33.07177753510367,55.058619429900766
dq_M5,dy13,1.3,220.0,220.0034942626953,0.0034942626953125,8.132049560546875,2.75,2.7466666104892887,16,158.10017732165383,39.52504433041346,71.9428032422691
dq_M5,dy13,1.3,230.0,230.00086975097656,0.0008697509765625,8.132049560546875,2.75,2.7466666104892887,16,124.91061227107399,31.227653067768497,52.138396985629946
dq_M5,dy13,1.3,240.0,240.00914001464844,0.0091400146484375,8.132049560546875,2.75,2.7466666104892887,16,138.78127125252786,34.695317813131965,59.4121010140197
dq_M5,dy13,1.3,250.0,250.0065155029297,0.0065155029296875,8.132049560546875,2.75,2.7466666104892887,16,117.62682633192372,29.40670658298093,55.115420343041684
dq_M5,dy13,1.3,260.0,260.0009460449219,0.000946044921875,8.132049560546875,2.75,2.7466666104892887,16,141.66548056484294,35.416370141210734,57.86374745613634
dq_M5,dy13,1.3,270.0,270.0084228515625,0.0084228515625,8.132049560546875,2.75,2.7466666104892887,16,125.81354596677134,31.453386491692836,50.591678304076616
dq_M5,dy13,1.3,280.0,280.0022888183594,0.002288818359375,8.132049560546875,2.75,2.7466666104892887,16,166.8897865881999,41.72244664704998,59.057621196164945
dq_M5,dy13,1.3,290.0,290.0093994140625,0.0093994140625,8.132049560546875,2.75,2.7466666104892887,16,146.61273643034286,36.653184107585716,51.70545123994613
dq_M5,dy13,1.3,300.0,300.0,0.0,8.132049560546875,2.75,2.7466666104892887,16,114.33388098887445,28.583470247218614,55.89984439436235
d_M5,dy14,1.4,0.0,0.0,0.0,8.132049560546875,2.85,2.8333332755913334,16,580.2683902891357,145.06709757228393,227.45762711864413
d_M5,dy14,1.4,10.0,10.01058292388916,0.010582923889160156,8.132049560546875,2.85,2.8333332755913334,16,550.6535881556655,137.66339703891637,202.29663544994295
d_M5,dy14,1.4,20.0,20.005002975463867,0.0050029754638671875,8.132049560546875,2.85,2.8333332755913334,16,507.8891262609024,126.9722815652256,184.1743591437906
d_M5,dy14,1.4,30.0,30.00124168395996,0.0012416839599609375,8.132049560546875,2.85,2.8333332755913334,16,277.01546603969496,69.25386650992374,112.74148841664831
d_M5,dy14,1.4,40.0,40.006187438964844,0.00618743896484375,8.132049560546875,2.85,2.8333332755913334,16,197.1498824795467,49.287470619886676,81.75862207140369
d_M5,dy14,1.4,50.0,50.00764846801758,0.007648468017578125,8.132049560546875,2.85,2.8333332755913334,16,190.43730822165662,47.609327055414155,75.89941062289545
d_M5,dy14,1.4,60.0,60.00835418701172,0.00835418701171875,8.132049560546875,2.85,2.8333332755913334,16,145.32028738227612,36.33007184556903,67.2481795178784
d_M5,dy14,1.4,70.0,70.00757598876953,0.00757598876953125,8.132049560546875,2.85,2.8333332755913334,16,150.29539371036145,37.57384842759036,63.40487584897253
d_M5,dy14,1.4,80.0,80.00468444824219,0.0046844482421875,8.132049560546875,2.85,2.8333332755913334,16,136.496570665135,34.12414266628375,62.67029289970106
d_M5,dy14,1.4,90.0,90.00244140625,0.00244140625,8.132049560546875,2.85,2.8333332755913334,16,148.81262622462313,37.20315655615578,75.47489486439254
d_M5,dy14,1.4,100.0,100.00980377197266,0.00980377197265625,8.132049560546875,2.85,2.8333332755913334,16,149.13403858840073,37.28350964710018,62.00286089983734
d_M5,dy14,1.4,110.0,110.0078125,0.0078125,8.132049560546875,2.85,2.8333332755913334,16,131.04907350054498,32.762268375136244,62.965974999492694
d_M5,dy14,1.4,120.0,120.00165557861328,0.00165557861328125,8.132049560546875,2.85,2.8333332755913334,16,151.89412214516818,37.973530536292046,72.00992879077069
d_M5,dy14,1.4,130.0,130.00535583496094,0.0053558349609375,8.132049560546875,2.85,2.8333332755913334,16,167.44306755624328,41.86076688906082,74.28635399674273
d_M5,dy14,1.4,140.0,140.0108184814453,0.0108184814453125,8.132049560546875,2.85,2.8333332755913334,16,149.29947062331314,37.324867655828285,68.07548104014504
d_M5,dy14,1.4,150.0,150.00213623046875,0.00213623046875,8.132049560546875,2.85,2.8333332755913334,16,144.15565479734857,36.038913699337144,61.88345836624349
d_M5,dy14,1.4,160.0,160.00363159179688,0.003631591796875,8.132049560546875,2.85,2.8333332755913334,16,134.13451555102776,33.53362888775694,58.78505916165897
d_M5,dy14,1.4,170.0,170.0038299560547,0.0038299560546875,8.132049560546875,2.85,2.8333332755913334,16,184.3786808693356,46.0946702173339,78.59007318583946
d_M5,dy14,1.4,180.0,180.00369262695312,0.003692626953125,8.132049560546875,2.85,2.8333332755913334,16,155.20320015127126,38.800800037817815,62.77060216226569
d_M5,dy14,1.4,190.0,190.0024871826172,0.0024871826171875,8.132049560546875,2.85,2.8333332755913334,16,145.6544567539826,36.41361418849565,55.85632617384479
d_M5,dy14,1.4,200.0,200.00721740722656,0.0072174072265625,8.132049560546875,2.85,2.8333332755913334,16,130.97109680529314,32.742774201323286,56.481067451103286
d_M5,dy14,1.4,210.0,210.00442504882812,0.004425048828125,8.132049560546875,2.85,2.8333332755913334,16,169.04014250179816,42.26003562544954,79.96367724932124
d_M5,dy14,1.4,220.0,220.0050811767578,0.0050811767578125,8.132049560546875,2.85,2.8333332755913334,16,142.0882408676896,35.5220602169224,55.372357657427926
d_M5,dy14,1.4,230.0,230.00802612304688,0.008026123046875,8.132049560546875,2.85,2.8333332755913334,16,122.860550151129,30.71513753778225,61.25468922657788
d_M5,dy14,1.4,240.0,240.00572204589844,0.0057220458984375,8.132049560546875,2.85,2.8333332755913334,16,133.6837223299959,33.420930582498976,59.87807097832455
d_M5,dy14,1.4,250.0,250.005615234375,0.005615234375,8.132049560546875,2.85,2.8333332755913334,16,127.79917520777386,31.949793801943464,59.28036905292684
d_M5,dy14,1.4,260.0,260.0086975097656,0.008697509765625,8.132049560546875,2.85,2.8333332755913334,16,142.77265252500845,35.69316313125211,66.4650232435961
d_M5,dy14,1.4,270.0,270.0089416503906,0.008941650390625,8.132049560546875,2.85,2.8333332755913334,16,146.1217194905315,36.53042987263287,73.98706350067471
d_M5,dy14,1.4,280.0,280.01068115234375,0.01068115234375,8.132049560546875,2.85,2.8333332755913334,16,148.61261954195652,37.15315488548913,60.775665500198926
d_M5,dy14,1.4,290.0,290.0057678222656,0.005767822265625,8.132049560546875,2.85,2.8333332755913334,16,171.99200245699336,42.99800061424834,75.03158608306607
d_M5,dy14,1.4,300.0,300.0,0.0,8.132049560546875,2.85,2.8333332755913334,16,158.16369344576574,39.540923361441436,64.98970117296616
dq_M5,dy14,1.4,0.0,0.0,0.0,8.132049560546875,2.85,2.8333332755913334,16,580.2683902891357,145.06709757228393,227.45762711864413
dq_M5,dy14,1.4,10.0,10.006834983825684,0.006834983825683594,8.132049560546875,2.85,2.8333332755913334,16,542.6134412617574,135.65336031543936,199.6302269111246
dq_M5,dy14,1.4,20.0,20.000368118286133,0.0003681182861328125,8.132049560546875,2.85,2.8333332755913334,16,470.1597998066753,117.53994995166883,165.37416154247225
dq_M5,dy14,1.4,30.0,30.00543975830078,0.00543975830078125,8.132049560546875,2.85,2.8333332755913334,16,255.22334024713066,63.805835061782666,95.86864680105778
dq_M5,dy14,1.4,40.0,40.00568771362305,0.005687713623046875,8.132049560546875,2.85,2.8333332755913334,16,151.1967545456278,37.79918863640695,58.40974695787148
dq_M5,dy14,1.4,50.0,50.007999420166016,0.007999420166015625,8.132049560546875,2.85,2.8333332755913334,16,223.80733479729926,55.951833699324816,94.60775908467272
dq_M5,dy14,1.4,60.0,60.002803802490234,0.002803802490234375,8.132049560546875,2.85,2.8333332755913334,16,247.0363682529987,61.759092063249675,90.01817259069995
dq_M5,dy14,1.4,70.0,70.00408172607422,0.00408172607421875,8.132049560546875,2.85,2.8333332755913334,16,186.0049575840179,46.50123939600447,68.48991500592324
dq_M5,dy14,1.4,80.0,80.00511169433594,0.0051116943359375,8.132049560546875,2.85,2.8333332755913334,16,208.0290833111104,52.0072708277776,96.11901700294624
dq_M5,dy14,1.4,90.0,90.00167846679688,0.001678466796875,8.132049560546875,2.85,2.8333332755913334,16,193.71675391274752,48.42918847818688,81.39721474205774
dq_M5,dy14,1.4,100.0,100.00457000732422,0.00457000732421875,8.132049560546875,2.85,2.8333332755913334,16,243.02943385506637,60.75735846376659,98.0128565027234
dq_M5,dy14,1.4,110.0,110.00169372558594,0.0016937255859375,8.132049560546875,2.85,2.8333332755913334,16,163.95968639446693,40.98992159861673,64.10229211332958
dq_M5,dy14,1.4,120.0,120.00157928466797,0.00157928466796875,8.132049560546875,2.85,2.8333332755913334,16,236.95338307448534,59.238345768621336,101.54048334940526
dq_M5,dy14,1.4,130.0,130.00796508789062,0.007965087890625,8.132049560546875,2.85,2.8333332755913334,16,154.34333811097832,38.58583452774458,57.71797547651495
dq_M5,dy14,1.4,140.0,140.00938415527344,0.0093841552734375,8.132049560546875,2.85,2.8333332755913334,16,197.83858401005358,49.459646002513395,86.0350407196747
dq_M5,dy14,1.4,150.0,150.00335693359375,0.00335693359375,8.132049560546875,2.85,2.8333332755913334,16,217.817545264217,54.45438631605425,92.91943802932084
dq_M5,dy14,1.4,160.0,160.00360107421875,0.00360107421875,8.132049560546875,2.85,2.8333332755913334,16,138.40777244082454,34.601943110206136,55.07314616908102
dq_M5,dy14,1.4,170.0,170.00840759277344,0.0084075927734375,8.132049560546875,2.85,2.8333332755913334,16,159.0030308141757,39.750757703543925,68.21417982793608
dq_M5,dy14,1.4,180.0,180.00643920898438,0.006439208984375,8.132049560546875,2.85,2.8333332755913334,16,151.9956613147223,37.998915328680575,70.02107754245219
dq_M5,dy14,1.4,190.0,190.00473022460938,0.004730224609375,8.132049560546875,2.85,2.8333332755913334,16,156.76531011642896,39.19132752910724,66.93466817848301
dq_M5,dy14,1.4,200.0,200.0076446533203,0.0076446533203125,8.132049560546875,2.85,2.8333332755913334,16,140.02268212469306,35.005670531173266,54.03026426699259
dq_M5,dy14,1.4,210.0,210.00909423828125,0.00909423828125,8.132049560546875,2.85,2.8333332755913334,16,145.13638756847894,36.284096892119734,56.576754488301745
dq_M5,dy14,1.4,220.0,220.0034942626953,0.0034942626953125,8.132049560546875,2.85,2.8333332755913334,16,205.0876486237534,51.27191215593835,87.74376315508133
dq_M5,dy14,1.4,230.0,230.00086975097656,0.0008697509765625,8.132049560546875,2.85,2.8333332755913334,16,148.84426324933844,37.21106581233461,59.035125732421875
dq_M5,dy14,1.4,240.0,240.00914001464844,0.0091400146484375,8.132049560546875,2.85,2.8333332755913334,16,141.0091158068226,35.25227895170565,57.529101855134314
dq_M5,dy14,1.4,250.0,250.0065155029297,0.0065155029296875,8.132049560546875,2.85,2.8333332755913334,16,129.0890281931172,32.2722570482793,56.426900818034085
dq_M5,dy14,1.4,260.0,260.0009460449219,0.000946044921875,8.132049560546875,2.85,2.8333332755913334,16,158.95312469788237,39.73828117447059,68.98966023073359
dq_M5,dy14,1.4,270.0,270.0084228515625,0.0084228515625,8.132049560546875,2.85,2.8333332755913334,16,144.49391023946453,36.12347755986613,59.57009473189083
dq_M5,dy14,1.4,280.0,280.0022888183594,0.002288818359375,8.132049560546875,2.85,2.8333332755913334,16,182.70465719900878,45.676164299752195,63.35228250794492
dq_M5,dy14,1.4,290.0,290.0093994140625,0.0093994140625,8.132049560546875,2.85,2.8333332755913334,16,163.11036247231442,40.777590618078605,58.88971667868758
dq_M5,dy14,1.4,300.0,300.0,0.0,8.132049560546875,2.85,2.8333332755913334,16,141.71916732341361,35.429791830853404,57.02199135508649
